entity:1kg_sub_sample_id	BAM_File_Path	BAM_File_Ref	BAM_INDEX_File_Ref	Sample
000d8958-abd4-4c0f-b16b-dabae2a973df	/bam_files/HG01965.mapped.ILLUMINA.bwa.PEL.low_coverage.20121211.bam	drs://data.terra.bio/v1_c0dc283d-adad-4614-9f6c-1e101dd9b443_85153a36-1d76-4c2d-90e4-682d55858e0e	gs://fc-9db09784-fa15-41bb-80f3-28fbc05c715a/76515963-195a-40d9-9d52-89eed542c9a5/BuildBamIndexWithSamtools/1f7c3a89-78e1-4373-9cd9-90d11b683fa8/call-SamtoolsIndex/glob-6efbc60cb1e0959bab4e467327a9416c/HG01965.mapped.ILLUMINA.bwa.PEL.low_coverage.20121211.bam.bai	HG01965
00130384-959c-4c08-8cc6-57ebf61746b9	/bam_files/HG01577.mapped.ILLUMINA.bwa.PEL.low_coverage.20120522.bam	drs://data.terra.bio/v1_c0dc283d-adad-4614-9f6c-1e101dd9b443_ac63ca59-ae34-46c9-8ee8-fb0be6bb6c96	gs://fc-9db09784-fa15-41bb-80f3-28fbc05c715a/76515963-195a-40d9-9d52-89eed542c9a5/BuildBamIndexWithSamtools/8cbbe3db-9daa-4da2-b2c0-77d1856a7bdf/call-SamtoolsIndex/attempt-2/glob-6efbc60cb1e0959bab4e467327a9416c/HG01577.mapped.ILLUMINA.bwa.PEL.low_coverage.20120522.bam.bai	HG01577
003eadcc-06d8-4253-b39a-4a6a72a559b6	/bam_files/NA19625.mapped.ILLUMINA.bwa.ASW.low_coverage.20120522.bam	drs://data.terra.bio/v1_c0dc283d-adad-4614-9f6c-1e101dd9b443_ee63a3d5-a7ba-4580-a2ca-97bc3d9ca42c	gs://fc-9db09784-fa15-41bb-80f3-28fbc05c715a/76515963-195a-40d9-9d52-89eed542c9a5/BuildBamIndexWithSamtools/8c22de9c-181f-4ea7-8a4f-26a63ee2b7e7/call-SamtoolsIndex/glob-6efbc60cb1e0959bab4e467327a9416c/NA19625.mapped.ILLUMINA.bwa.ASW.low_coverage.20120522.bam.bai	NA19625
00643184-a15a-4e1c-bcbe-6260459acff7	/bam_files/HG03823.mapped.ILLUMINA.bwa.BEB.low_coverage.20121211.bam	drs://data.terra.bio/v1_c0dc283d-adad-4614-9f6c-1e101dd9b443_d24bc12d-2ca2-47aa-b2db-40db41aad898	gs://fc-9db09784-fa15-41bb-80f3-28fbc05c715a/76515963-195a-40d9-9d52-89eed542c9a5/BuildBamIndexWithSamtools/79fd5d0f-c96c-4aad-87ba-5459c0481f6a/call-SamtoolsIndex/glob-6efbc60cb1e0959bab4e467327a9416c/HG03823.mapped.ILLUMINA.bwa.BEB.low_coverage.20121211.bam.bai	HG03823
0065ff0b-53a4-4feb-b861-1e3c5b202deb	/bam_files/NA20756.mapped.ILLUMINA.bwa.TSI.low_coverage.20130422.bam	drs://data.terra.bio/v1_c0dc283d-adad-4614-9f6c-1e101dd9b443_e933d193-ece2-4f9d-90c6-e56857ae9ca1	gs://fc-9db09784-fa15-41bb-80f3-28fbc05c715a/76515963-195a-40d9-9d52-89eed542c9a5/BuildBamIndexWithSamtools/2b8eed13-7f06-4983-be86-dd4addab67d7/call-SamtoolsIndex/glob-6efbc60cb1e0959bab4e467327a9416c/NA20756.mapped.ILLUMINA.bwa.TSI.low_coverage.20130422.bam.bai	NA20756
007c3aea-5f02-44b5-9d80-ced0e16bfaab	/bam_files/NA18633.mapped.ILLUMINA.bwa.CHB.low_coverage.20130415.bam	drs://data.terra.bio/v1_c0dc283d-adad-4614-9f6c-1e101dd9b443_da42c63d-9c47-47ae-a72c-d9e5df6c49ea	gs://fc-9db09784-fa15-41bb-80f3-28fbc05c715a/76515963-195a-40d9-9d52-89eed542c9a5/BuildBamIndexWithSamtools/fbb7df4d-45dd-43b4-8130-0724e26fb18a/call-SamtoolsIndex/glob-6efbc60cb1e0959bab4e467327a9416c/NA18633.mapped.ILLUMINA.bwa.CHB.low_coverage.20130415.bam.bai	NA18633
008513d4-b62b-44ce-8223-ec90d5acb83f	/bam_files/HG00740.mapped.ILLUMINA.bwa.PUR.low_coverage.20120522.bam	drs://data.terra.bio/v1_c0dc283d-adad-4614-9f6c-1e101dd9b443_3f06e20a-e8fa-4359-b2c3-59499527a19c	gs://fc-9db09784-fa15-41bb-80f3-28fbc05c715a/76515963-195a-40d9-9d52-89eed542c9a5/BuildBamIndexWithSamtools/b173efd4-98f3-4c29-8465-cd993dc47251/call-SamtoolsIndex/glob-6efbc60cb1e0959bab4e467327a9416c/HG00740.mapped.ILLUMINA.bwa.PUR.low_coverage.20120522.bam.bai	HG00740
00860397-9a84-4a7e-83a8-1c47a88ff4aa	/bam_files/NA19090.mapped.ILLUMINA.bwa.JPT.low_coverage.20130415.bam	drs://data.terra.bio/v1_c0dc283d-adad-4614-9f6c-1e101dd9b443_fe3e3bea-675a-4bed-ae22-a440c5c523b2	gs://fc-9db09784-fa15-41bb-80f3-28fbc05c715a/76515963-195a-40d9-9d52-89eed542c9a5/BuildBamIndexWithSamtools/65fe08ad-4af1-47c9-bbc0-fc3dad8a0daa/call-SamtoolsIndex/glob-6efbc60cb1e0959bab4e467327a9416c/NA19090.mapped.ILLUMINA.bwa.JPT.low_coverage.20130415.bam.bai	NA19090
00d546c0-7bee-4f10-a996-5af6a150cf05	/bam_files/HG02600.mapped.ILLUMINA.bwa.PJL.low_coverage.20121211.bam	drs://data.terra.bio/v1_c0dc283d-adad-4614-9f6c-1e101dd9b443_0e72127f-cad0-4dc8-8b07-98f63f8c1974	gs://fc-9db09784-fa15-41bb-80f3-28fbc05c715a/76515963-195a-40d9-9d52-89eed542c9a5/BuildBamIndexWithSamtools/fe82fa46-cebb-433d-acf5-595573eaca54/call-SamtoolsIndex/glob-6efbc60cb1e0959bab4e467327a9416c/HG02600.mapped.ILLUMINA.bwa.PJL.low_coverage.20121211.bam.bai	HG02600
00d9fafd-956a-46cd-9b09-68c1036375d4	/bam_files/HG03731.mapped.ILLUMINA.bwa.ITU.low_coverage.20130415.bam	drs://data.terra.bio/v1_c0dc283d-adad-4614-9f6c-1e101dd9b443_971a8dd9-71a3-40b3-b890-0128a12cb76b	gs://fc-9db09784-fa15-41bb-80f3-28fbc05c715a/76515963-195a-40d9-9d52-89eed542c9a5/BuildBamIndexWithSamtools/3afc949b-a752-4826-8a34-66796a482b41/call-SamtoolsIndex/glob-6efbc60cb1e0959bab4e467327a9416c/HG03731.mapped.ILLUMINA.bwa.ITU.low_coverage.20130415.bam.bai	HG03731
01216654-e8f7-4243-b130-b08f6d8d4e38	/bam_files/HG01668.mapped.ILLUMINA.bwa.IBS.low_coverage.20120522.bam	drs://data.terra.bio/v1_c0dc283d-adad-4614-9f6c-1e101dd9b443_c83966e8-2dc9-415e-9fda-5aa3051cfe1e	gs://fc-9db09784-fa15-41bb-80f3-28fbc05c715a/76515963-195a-40d9-9d52-89eed542c9a5/BuildBamIndexWithSamtools/7f6f243f-1157-4350-ad91-f41e7a0f73ea/call-SamtoolsIndex/glob-6efbc60cb1e0959bab4e467327a9416c/HG01668.mapped.ILLUMINA.bwa.IBS.low_coverage.20120522.bam.bai	HG01668
0124a52c-8f33-4854-a655-5904ab691932	/bam_files/HG01602.mapped.ILLUMINA.bwa.IBS.low_coverage.20120522.bam	drs://data.terra.bio/v1_c0dc283d-adad-4614-9f6c-1e101dd9b443_416d163b-4aa3-43b1-a27d-25bb4111b11d	gs://fc-9db09784-fa15-41bb-80f3-28fbc05c715a/76515963-195a-40d9-9d52-89eed542c9a5/BuildBamIndexWithSamtools/e0012c33-ae5a-48cc-93f4-d4a1533eb3dc/call-SamtoolsIndex/glob-6efbc60cb1e0959bab4e467327a9416c/HG01602.mapped.ILLUMINA.bwa.IBS.low_coverage.20120522.bam.bai	HG01602
0166f6a2-daff-45d6-a4b0-156d889de3d3	/bam_files/NA20896.mapped.ILLUMINA.bwa.GIH.low_coverage.20120522.bam	drs://data.terra.bio/v1_c0dc283d-adad-4614-9f6c-1e101dd9b443_aca0c9a1-6c77-411d-ae1c-c7bf0bc2ec06	gs://fc-9db09784-fa15-41bb-80f3-28fbc05c715a/76515963-195a-40d9-9d52-89eed542c9a5/BuildBamIndexWithSamtools/8fe87801-b860-4c46-a268-476e4e973a05/call-SamtoolsIndex/glob-6efbc60cb1e0959bab4e467327a9416c/NA20896.mapped.ILLUMINA.bwa.GIH.low_coverage.20120522.bam.bai	NA20896
0170c4dc-ddf3-4e1a-bb6f-e887f21a39fa	/bam_files/HG01170.mapped.ILLUMINA.bwa.PUR.low_coverage.20120522.bam	drs://data.terra.bio/v1_c0dc283d-adad-4614-9f6c-1e101dd9b443_ea3c6dd7-c739-4584-b467-30c090cfe531	gs://fc-9db09784-fa15-41bb-80f3-28fbc05c715a/76515963-195a-40d9-9d52-89eed542c9a5/BuildBamIndexWithSamtools/9bb7e635-e9c8-4551-a29b-0d37b34bf418/call-SamtoolsIndex/glob-6efbc60cb1e0959bab4e467327a9416c/HG01170.mapped.ILLUMINA.bwa.PUR.low_coverage.20120522.bam.bai	HG01170
0196e8f3-6d43-4f9c-8aa4-52f89d9dc352	/bam_files/NA19026.mapped.ILLUMINA.bwa.LWK.low_coverage.20121211.bam	drs://data.terra.bio/v1_c0dc283d-adad-4614-9f6c-1e101dd9b443_32adb388-15f1-49b6-8581-620626ef6755	gs://fc-9db09784-fa15-41bb-80f3-28fbc05c715a/76515963-195a-40d9-9d52-89eed542c9a5/BuildBamIndexWithSamtools/bafc0aad-a104-427a-a934-339e20ed3582/call-SamtoolsIndex/glob-6efbc60cb1e0959bab4e467327a9416c/NA19026.mapped.ILLUMINA.bwa.LWK.low_coverage.20121211.bam.bai	NA19026
01bd6a85-4e0d-4081-970d-9c3ecc3dcede	/bam_files/HG02546.mapped.ILLUMINA.bwa.ACB.low_coverage.20130415.bam	drs://data.terra.bio/v1_c0dc283d-adad-4614-9f6c-1e101dd9b443_c2807d95-db89-465b-aa34-0628135d6353	gs://fc-9db09784-fa15-41bb-80f3-28fbc05c715a/76515963-195a-40d9-9d52-89eed542c9a5/BuildBamIndexWithSamtools/b38cc438-aeae-420a-82d2-efbdc1031c0a/call-SamtoolsIndex/glob-6efbc60cb1e0959bab4e467327a9416c/HG02546.mapped.ILLUMINA.bwa.ACB.low_coverage.20130415.bam.bai	HG02546
01cca905-8eb8-41e6-82c6-215308a9f464	/bam_files/HG00101.mapped.ILLUMINA.bwa.GBR.low_coverage.20130415.bam	drs://data.terra.bio/v1_c0dc283d-adad-4614-9f6c-1e101dd9b443_88c4e59f-6ab8-4d7c-b894-6097f4dfa8b1	gs://fc-9db09784-fa15-41bb-80f3-28fbc05c715a/76515963-195a-40d9-9d52-89eed542c9a5/BuildBamIndexWithSamtools/ee9dab87-6422-47e8-bee0-2acd0cab8635/call-SamtoolsIndex/glob-6efbc60cb1e0959bab4e467327a9416c/HG00101.mapped.ILLUMINA.bwa.GBR.low_coverage.20130415.bam.bai	HG00101
01f7df8f-6e1c-46ab-a059-3a4eea1d8a47	/bam_files/HG00463.mapped.ILLUMINA.bwa.CHS.low_coverage.20120522.bam	drs://data.terra.bio/v1_c0dc283d-adad-4614-9f6c-1e101dd9b443_cc78f648-2864-459b-95cd-05807af84eea	gs://fc-9db09784-fa15-41bb-80f3-28fbc05c715a/76515963-195a-40d9-9d52-89eed542c9a5/BuildBamIndexWithSamtools/68a24365-127e-4fa6-b726-4ac496f082b2/call-SamtoolsIndex/glob-6efbc60cb1e0959bab4e467327a9416c/HG00463.mapped.ILLUMINA.bwa.CHS.low_coverage.20120522.bam.bai	HG00463
02386934-b47c-4c36-8099-4356d29bfba7	/bam_files/HG03711.mapped.ILLUMINA.bwa.STU.low_coverage.20121211.bam	drs://data.terra.bio/v1_c0dc283d-adad-4614-9f6c-1e101dd9b443_ac3fb127-d738-4414-96f0-d6813e915703	gs://fc-9db09784-fa15-41bb-80f3-28fbc05c715a/76515963-195a-40d9-9d52-89eed542c9a5/BuildBamIndexWithSamtools/e5959f1c-6a54-42fd-8558-0b835f6fd606/call-SamtoolsIndex/glob-6efbc60cb1e0959bab4e467327a9416c/HG03711.mapped.ILLUMINA.bwa.STU.low_coverage.20121211.bam.bai	HG03711
0244a899-76a2-4090-93eb-6fb545bb2f73	/bam_files/NA12413.mapped.ILLUMINA.bwa.CEU.low_coverage.20130415.bam	drs://data.terra.bio/v1_c0dc283d-adad-4614-9f6c-1e101dd9b443_feeed8bb-4587-4180-b50b-59db86330c9a	gs://fc-9db09784-fa15-41bb-80f3-28fbc05c715a/76515963-195a-40d9-9d52-89eed542c9a5/BuildBamIndexWithSamtools/87ef3a1e-898c-4ebb-b64e-f720eabf8342/call-SamtoolsIndex/glob-6efbc60cb1e0959bab4e467327a9416c/NA12413.mapped.ILLUMINA.bwa.CEU.low_coverage.20130415.bam.bai	NA12413
024b8aca-b853-47a1-8c26-7705026fcf81	/bam_files/NA20811.mapped.ILLUMINA.bwa.TSI.low_coverage.20130415.bam	drs://data.terra.bio/v1_c0dc283d-adad-4614-9f6c-1e101dd9b443_a47de6a7-9b17-47fc-8166-badb1ea2e4cb	gs://fc-9db09784-fa15-41bb-80f3-28fbc05c715a/76515963-195a-40d9-9d52-89eed542c9a5/BuildBamIndexWithSamtools/3fd7b422-818a-4b32-82a4-03e3245485f2/call-SamtoolsIndex/glob-6efbc60cb1e0959bab4e467327a9416c/NA20811.mapped.ILLUMINA.bwa.TSI.low_coverage.20130415.bam.bai	NA20811
02648796-9be1-440c-a98f-29a02456928f	/bam_files/HG03224.mapped.ILLUMINA.bwa.MSL.low_coverage.20130415.bam	drs://data.terra.bio/v1_c0dc283d-adad-4614-9f6c-1e101dd9b443_ffb28470-fe22-46e0-bffa-0276beb132de	gs://fc-9db09784-fa15-41bb-80f3-28fbc05c715a/76515963-195a-40d9-9d52-89eed542c9a5/BuildBamIndexWithSamtools/4b4da545-9afc-408b-9bff-0ce99f96fa37/call-SamtoolsIndex/glob-6efbc60cb1e0959bab4e467327a9416c/HG03224.mapped.ILLUMINA.bwa.MSL.low_coverage.20130415.bam.bai	HG03224
02764770-a8a2-4f08-ad1f-668b58c9584a	/bam_files/NA20541.mapped.ILLUMINA.bwa.TSI.low_coverage.20130422.bam	drs://data.terra.bio/v1_c0dc283d-adad-4614-9f6c-1e101dd9b443_56bce257-b696-4051-831a-d784b413c220	gs://fc-9db09784-fa15-41bb-80f3-28fbc05c715a/76515963-195a-40d9-9d52-89eed542c9a5/BuildBamIndexWithSamtools/1425b56f-3778-41d3-a94d-b0a168938e5c/call-SamtoolsIndex/glob-6efbc60cb1e0959bab4e467327a9416c/NA20541.mapped.ILLUMINA.bwa.TSI.low_coverage.20130422.bam.bai	NA20541
027dece5-ae73-46ae-8559-36973c104ab8	/bam_files/NA19443.mapped.ILLUMINA.bwa.LWK.low_coverage.20120522.bam	drs://data.terra.bio/v1_c0dc283d-adad-4614-9f6c-1e101dd9b443_ad4e5ac5-0d10-41b4-887e-b1074a8779ac	gs://fc-9db09784-fa15-41bb-80f3-28fbc05c715a/76515963-195a-40d9-9d52-89eed542c9a5/BuildBamIndexWithSamtools/41c3bf21-602e-47ff-b6b7-348474964222/call-SamtoolsIndex/glob-6efbc60cb1e0959bab4e467327a9416c/NA19443.mapped.ILLUMINA.bwa.LWK.low_coverage.20120522.bam.bai	NA19443
027e24c8-d4a8-4803-a533-4c85ba2f754f	/bam_files/HG03451.mapped.ILLUMINA.bwa.MSL.low_coverage.20130415.bam	drs://data.terra.bio/v1_c0dc283d-adad-4614-9f6c-1e101dd9b443_b4b05754-b801-44b1-b492-b04e79c1c3d9	gs://fc-9db09784-fa15-41bb-80f3-28fbc05c715a/76515963-195a-40d9-9d52-89eed542c9a5/BuildBamIndexWithSamtools/b43976c7-a935-4bf0-97eb-cefc469f7462/call-SamtoolsIndex/attempt-2/glob-6efbc60cb1e0959bab4e467327a9416c/HG03451.mapped.ILLUMINA.bwa.MSL.low_coverage.20130415.bam.bai	HG03451
0294976a-6530-42c3-a436-dee3f3217873	/bam_files/NA12716.mapped.ILLUMINA.bwa.CEU.low_coverage.20130422.bam	drs://data.terra.bio/v1_c0dc283d-adad-4614-9f6c-1e101dd9b443_fe794baf-be38-454a-a646-ff6e3e98f8c0	gs://fc-9db09784-fa15-41bb-80f3-28fbc05c715a/76515963-195a-40d9-9d52-89eed542c9a5/BuildBamIndexWithSamtools/4781f396-926d-4702-a8e0-41b5c9bc403c/call-SamtoolsIndex/glob-6efbc60cb1e0959bab4e467327a9416c/NA12716.mapped.ILLUMINA.bwa.CEU.low_coverage.20130422.bam.bai	NA12716
02a2a063-25cf-44d4-b685-7a7999e14ae6	/bam_files/HG02181.mapped.ILLUMINA.bwa.CDX.low_coverage.20120522.bam	drs://data.terra.bio/v1_c0dc283d-adad-4614-9f6c-1e101dd9b443_69f14bee-c11b-4998-b2c0-5a6525a9e24c	gs://fc-9db09784-fa15-41bb-80f3-28fbc05c715a/76515963-195a-40d9-9d52-89eed542c9a5/BuildBamIndexWithSamtools/dbac4c2b-32f5-45bf-a136-ef4a253505cf/call-SamtoolsIndex/glob-6efbc60cb1e0959bab4e467327a9416c/HG02181.mapped.ILLUMINA.bwa.CDX.low_coverage.20120522.bam.bai	HG02181
02b1f937-99da-47f8-aa3d-46459c7e31e6	/bam_files/NA20911.mapped.ILLUMINA.bwa.GIH.low_coverage.20120522.bam	drs://data.terra.bio/v1_c0dc283d-adad-4614-9f6c-1e101dd9b443_d8c01ca2-fa11-45df-aaf8-e9cb436bcdfb	gs://fc-9db09784-fa15-41bb-80f3-28fbc05c715a/76515963-195a-40d9-9d52-89eed542c9a5/BuildBamIndexWithSamtools/f820d80b-0281-4580-9f20-b3af12b85347/call-SamtoolsIndex/glob-6efbc60cb1e0959bab4e467327a9416c/NA20911.mapped.ILLUMINA.bwa.GIH.low_coverage.20120522.bam.bai	NA20911
02d10321-4796-41a3-bb45-41bb924f3ff4	/bam_files/HG01173.mapped.ILLUMINA.bwa.PUR.low_coverage.20120522.bam	drs://data.terra.bio/v1_c0dc283d-adad-4614-9f6c-1e101dd9b443_a6d16dac-42a2-4839-8956-d37c5e97c28e	gs://fc-9db09784-fa15-41bb-80f3-28fbc05c715a/76515963-195a-40d9-9d52-89eed542c9a5/BuildBamIndexWithSamtools/73bc77f5-a1c0-4d99-b1e7-f461d7d7267a/call-SamtoolsIndex/glob-6efbc60cb1e0959bab4e467327a9416c/HG01173.mapped.ILLUMINA.bwa.PUR.low_coverage.20120522.bam.bai	HG01173
02dc880f-6cbe-4a0f-ae8d-7e4aed0630ca	/bam_files/HG04014.mapped.ILLUMINA.bwa.ITU.low_coverage.20121211.bam	drs://data.terra.bio/v1_c0dc283d-adad-4614-9f6c-1e101dd9b443_cfaf2c73-d76c-4c9f-9eaf-ba02cf25965e	gs://fc-9db09784-fa15-41bb-80f3-28fbc05c715a/76515963-195a-40d9-9d52-89eed542c9a5/BuildBamIndexWithSamtools/3e03548e-600e-4215-88cb-a177a7ef3b4d/call-SamtoolsIndex/glob-6efbc60cb1e0959bab4e467327a9416c/HG04014.mapped.ILLUMINA.bwa.ITU.low_coverage.20121211.bam.bai	HG04014
031da073-9e1d-4e3c-9310-daccd101cf42	/bam_files/HG01915.mapped.ILLUMINA.bwa.ACB.low_coverage.20120522.bam	drs://data.terra.bio/v1_c0dc283d-adad-4614-9f6c-1e101dd9b443_5dd168d7-ec23-494f-8176-3e29096a7214	gs://fc-9db09784-fa15-41bb-80f3-28fbc05c715a/76515963-195a-40d9-9d52-89eed542c9a5/BuildBamIndexWithSamtools/0130502c-ec66-49dc-8826-50fcfce30264/call-SamtoolsIndex/glob-6efbc60cb1e0959bab4e467327a9416c/HG01915.mapped.ILLUMINA.bwa.ACB.low_coverage.20120522.bam.bai	HG01915
03bc8e80-70ad-4780-a7a7-2802ff47243d	/bam_files/NA20515.mapped.ILLUMINA.bwa.TSI.low_coverage.20130415.bam	drs://data.terra.bio/v1_c0dc283d-adad-4614-9f6c-1e101dd9b443_0b1c9b9d-9e05-4bdc-b1c6-0d1a056d5ae5	gs://fc-9db09784-fa15-41bb-80f3-28fbc05c715a/76515963-195a-40d9-9d52-89eed542c9a5/BuildBamIndexWithSamtools/8b74f655-4760-49f6-802e-3ee7e5b4547e/call-SamtoolsIndex/glob-6efbc60cb1e0959bab4e467327a9416c/NA20515.mapped.ILLUMINA.bwa.TSI.low_coverage.20130415.bam.bai	NA20515
03d5ae72-fdd8-41e2-a147-2c7e3a2af0d3	/bam_files/HG03867.mapped.ILLUMINA.bwa.ITU.low_coverage.20121211.bam	drs://data.terra.bio/v1_c0dc283d-adad-4614-9f6c-1e101dd9b443_32e0a9d4-bad2-4142-8126-3ec547e00108	gs://fc-9db09784-fa15-41bb-80f3-28fbc05c715a/76515963-195a-40d9-9d52-89eed542c9a5/BuildBamIndexWithSamtools/96fe671a-7362-48a1-bddf-14f78a68e893/call-SamtoolsIndex/glob-6efbc60cb1e0959bab4e467327a9416c/HG03867.mapped.ILLUMINA.bwa.ITU.low_coverage.20121211.bam.bai	HG03867
03df86b8-57cf-4ed0-a629-89d811fe9dd9	/bam_files/HG00118.mapped.ILLUMINA.bwa.GBR.low_coverage.20121211.bam	drs://data.terra.bio/v1_c0dc283d-adad-4614-9f6c-1e101dd9b443_80434653-3609-4564-808c-389462ced193	gs://fc-9db09784-fa15-41bb-80f3-28fbc05c715a/76515963-195a-40d9-9d52-89eed542c9a5/BuildBamIndexWithSamtools/cb600b16-e319-4688-9c85-fedc6791de89/call-SamtoolsIndex/glob-6efbc60cb1e0959bab4e467327a9416c/HG00118.mapped.ILLUMINA.bwa.GBR.low_coverage.20121211.bam.bai	HG00118
040775bb-4c23-4179-943b-46e9fc6c2358	/bam_files/HG03943.mapped.ILLUMINA.bwa.STU.low_coverage.20130415.bam	drs://data.terra.bio/v1_c0dc283d-adad-4614-9f6c-1e101dd9b443_a5630b7b-6667-49c1-a60d-c9cbcf158314	gs://fc-9db09784-fa15-41bb-80f3-28fbc05c715a/76515963-195a-40d9-9d52-89eed542c9a5/BuildBamIndexWithSamtools/5061c69c-2e72-49f5-8b01-8203a9e2a114/call-SamtoolsIndex/glob-6efbc60cb1e0959bab4e467327a9416c/HG03943.mapped.ILLUMINA.bwa.STU.low_coverage.20130415.bam.bai	HG03943
0425c016-4204-4e24-98fe-cfb406116d11	/bam_files/HG00113.mapped.ILLUMINA.bwa.GBR.low_coverage.20130415.bam	drs://data.terra.bio/v1_c0dc283d-adad-4614-9f6c-1e101dd9b443_467c59a4-fab8-4ba8-81c4-11e1b0430eee	gs://fc-9db09784-fa15-41bb-80f3-28fbc05c715a/76515963-195a-40d9-9d52-89eed542c9a5/BuildBamIndexWithSamtools/63fb0a81-ae34-4c02-96a6-430be41842b9/call-SamtoolsIndex/glob-6efbc60cb1e0959bab4e467327a9416c/HG00113.mapped.ILLUMINA.bwa.GBR.low_coverage.20130415.bam.bai	HG00113
04369d4d-51f3-4008-a720-8c9854d610fe	/bam_files/NA20853.mapped.ILLUMINA.bwa.GIH.low_coverage.20120522.bam	drs://data.terra.bio/v1_c0dc283d-adad-4614-9f6c-1e101dd9b443_4a121c7c-b4c7-4197-8fc8-2d8a83d2572d	gs://fc-9db09784-fa15-41bb-80f3-28fbc05c715a/76515963-195a-40d9-9d52-89eed542c9a5/BuildBamIndexWithSamtools/99ba589e-88f5-4eb3-b406-078f27433ecb/call-SamtoolsIndex/glob-6efbc60cb1e0959bab4e467327a9416c/NA20853.mapped.ILLUMINA.bwa.GIH.low_coverage.20120522.bam.bai	NA20853
045617e2-6471-4d9c-afe1-fc86407d765a	/bam_files/HG03300.mapped.ILLUMINA.bwa.ESN.low_coverage.20121211.bam	drs://data.terra.bio/v1_c0dc283d-adad-4614-9f6c-1e101dd9b443_903984fe-65ff-4d35-b506-ecc9e7c545f9	gs://fc-9db09784-fa15-41bb-80f3-28fbc05c715a/76515963-195a-40d9-9d52-89eed542c9a5/BuildBamIndexWithSamtools/9d44c6db-9e82-4274-8532-ed55f7c17396/call-SamtoolsIndex/glob-6efbc60cb1e0959bab4e467327a9416c/HG03300.mapped.ILLUMINA.bwa.ESN.low_coverage.20121211.bam.bai	HG03300
048671df-cb11-4866-a93d-c37bf4c97664	/bam_files/NA18620.mapped.ILLUMINA.bwa.CHB.low_coverage.20130415.bam	drs://data.terra.bio/v1_c0dc283d-adad-4614-9f6c-1e101dd9b443_ad9f7343-9251-470a-a1bb-f13017e9e32f	gs://fc-9db09784-fa15-41bb-80f3-28fbc05c715a/76515963-195a-40d9-9d52-89eed542c9a5/BuildBamIndexWithSamtools/7aa4e7cc-1298-4e3a-97a3-51b49020e0eb/call-SamtoolsIndex/glob-6efbc60cb1e0959bab4e467327a9416c/NA18620.mapped.ILLUMINA.bwa.CHB.low_coverage.20130415.bam.bai	NA18620
04b40fc7-57af-42ca-afe4-64de7714e1bf	/bam_files/HG00864.mapped.ILLUMINA.bwa.CDX.low_coverage.20120522.bam	drs://data.terra.bio/v1_c0dc283d-adad-4614-9f6c-1e101dd9b443_a41daedf-45e7-4be8-ba62-5d2d591e36f4	gs://fc-9db09784-fa15-41bb-80f3-28fbc05c715a/76515963-195a-40d9-9d52-89eed542c9a5/BuildBamIndexWithSamtools/050e6ada-4ec9-4691-8eb5-d36752e49911/call-SamtoolsIndex/glob-6efbc60cb1e0959bab4e467327a9416c/HG00864.mapped.ILLUMINA.bwa.CDX.low_coverage.20120522.bam.bai	HG00864
04c1aefd-bfa5-4f89-a476-fea438a4afb7	/bam_files/HG01790.mapped.ILLUMINA.bwa.GBR.low_coverage.20120522.bam	drs://data.terra.bio/v1_c0dc283d-adad-4614-9f6c-1e101dd9b443_80a8fd07-b788-4c20-a608-a3c66369a114	gs://fc-9db09784-fa15-41bb-80f3-28fbc05c715a/76515963-195a-40d9-9d52-89eed542c9a5/BuildBamIndexWithSamtools/585f61ab-ee09-49aa-b371-85cb4e2252d4/call-SamtoolsIndex/glob-6efbc60cb1e0959bab4e467327a9416c/HG01790.mapped.ILLUMINA.bwa.GBR.low_coverage.20120522.bam.bai	HG01790
04ddbf13-4fd3-4411-a255-1cd425e3338c	/bam_files/NA19310.mapped.ILLUMINA.bwa.LWK.low_coverage.20130415.bam	drs://data.terra.bio/v1_c0dc283d-adad-4614-9f6c-1e101dd9b443_28ffd6b3-5b13-47bc-aadb-bb1a658304d2	gs://fc-9db09784-fa15-41bb-80f3-28fbc05c715a/76515963-195a-40d9-9d52-89eed542c9a5/BuildBamIndexWithSamtools/8c2e48fd-11f4-49d4-bc4c-4e262db12448/call-SamtoolsIndex/glob-6efbc60cb1e0959bab4e467327a9416c/NA19310.mapped.ILLUMINA.bwa.LWK.low_coverage.20130415.bam.bai	NA19310
05070ed0-2774-4f55-a53d-97457b6b26a3	/bam_files/HG00125.mapped.ILLUMINA.bwa.GBR.low_coverage.20120522.bam	drs://data.terra.bio/v1_c0dc283d-adad-4614-9f6c-1e101dd9b443_b45b38ac-7272-437e-bb3c-f938e8f8a2be	gs://fc-9db09784-fa15-41bb-80f3-28fbc05c715a/76515963-195a-40d9-9d52-89eed542c9a5/BuildBamIndexWithSamtools/4ff1587c-4287-4e5d-a8ab-8dd8b9d26fcc/call-SamtoolsIndex/glob-6efbc60cb1e0959bab4e467327a9416c/HG00125.mapped.ILLUMINA.bwa.GBR.low_coverage.20120522.bam.bai	HG00125
0510dc54-3db5-4447-a06a-6e5df63b62bf	/bam_files/NA18534.mapped.ILLUMINA.bwa.CHB.low_coverage.20120522.bam	drs://data.terra.bio/v1_c0dc283d-adad-4614-9f6c-1e101dd9b443_3bcbe02c-1b5d-4b17-83d0-028ffac20687	gs://fc-9db09784-fa15-41bb-80f3-28fbc05c715a/76515963-195a-40d9-9d52-89eed542c9a5/BuildBamIndexWithSamtools/b57ab541-8954-4a4b-993d-0bdb6feb77f2/call-SamtoolsIndex/glob-6efbc60cb1e0959bab4e467327a9416c/NA18534.mapped.ILLUMINA.bwa.CHB.low_coverage.20120522.bam.bai	NA18534
056aadd0-97f3-4d5e-8698-588f58d7f79d	/bam_files/NA20874.mapped.ILLUMINA.bwa.GIH.low_coverage.20120522.bam	drs://data.terra.bio/v1_c0dc283d-adad-4614-9f6c-1e101dd9b443_3c116b51-4f6f-4964-b5d8-118b17eafa84	gs://fc-9db09784-fa15-41bb-80f3-28fbc05c715a/76515963-195a-40d9-9d52-89eed542c9a5/BuildBamIndexWithSamtools/dd2204c7-58f1-48ef-8a1a-91b3e9013db3/call-SamtoolsIndex/glob-6efbc60cb1e0959bab4e467327a9416c/NA20874.mapped.ILLUMINA.bwa.GIH.low_coverage.20120522.bam.bai	NA20874
059b03bd-bb56-4034-85d4-4047911806ff	/bam_files/HG01384.mapped.ILLUMINA.bwa.CLM.low_coverage.20120522.bam	drs://data.terra.bio/v1_c0dc283d-adad-4614-9f6c-1e101dd9b443_7a08dc32-8fa8-4105-90de-0510ae8cc57f	gs://fc-9db09784-fa15-41bb-80f3-28fbc05c715a/76515963-195a-40d9-9d52-89eed542c9a5/BuildBamIndexWithSamtools/e0bd1881-0f9c-4e9a-b735-cda3e8900760/call-SamtoolsIndex/glob-6efbc60cb1e0959bab4e467327a9416c/HG01384.mapped.ILLUMINA.bwa.CLM.low_coverage.20120522.bam.bai	HG01384
05a38123-bc90-4e78-a766-20f4719c95b7	/bam_files/HG04118.mapped.ILLUMINA.bwa.ITU.low_coverage.20121211.bam	drs://data.terra.bio/v1_c0dc283d-adad-4614-9f6c-1e101dd9b443_96401fd8-053a-4010-9c4f-65f24acd3ceb	gs://fc-9db09784-fa15-41bb-80f3-28fbc05c715a/76515963-195a-40d9-9d52-89eed542c9a5/BuildBamIndexWithSamtools/f1ab9a50-18a0-4229-9f7e-6c24915ebd1d/call-SamtoolsIndex/glob-6efbc60cb1e0959bab4e467327a9416c/HG04118.mapped.ILLUMINA.bwa.ITU.low_coverage.20121211.bam.bai	HG04118
05c89207-7967-402c-a4e9-d6765ec40534	/bam_files/NA19089.mapped.ILLUMINA.bwa.JPT.low_coverage.20130415.bam	drs://data.terra.bio/v1_c0dc283d-adad-4614-9f6c-1e101dd9b443_d60234cc-e1b0-46b6-ad86-eed6f60fd2bd	gs://fc-9db09784-fa15-41bb-80f3-28fbc05c715a/76515963-195a-40d9-9d52-89eed542c9a5/BuildBamIndexWithSamtools/0dc38b86-f96c-440a-b1a1-7e318cc484c4/call-SamtoolsIndex/glob-6efbc60cb1e0959bab4e467327a9416c/NA19089.mapped.ILLUMINA.bwa.JPT.low_coverage.20130415.bam.bai	NA19089
05e9596c-568a-48f2-9b7f-9fa16df6ef00	/bam_files/HG02318.mapped.ILLUMINA.bwa.ACB.low_coverage.20130415.bam	drs://data.terra.bio/v1_c0dc283d-adad-4614-9f6c-1e101dd9b443_0b8c9b29-ec79-425c-a83c-de541f5f379f	gs://fc-9db09784-fa15-41bb-80f3-28fbc05c715a/76515963-195a-40d9-9d52-89eed542c9a5/BuildBamIndexWithSamtools/99411191-f8fb-4863-b7e7-0c434c180173/call-SamtoolsIndex/glob-6efbc60cb1e0959bab4e467327a9416c/HG02318.mapped.ILLUMINA.bwa.ACB.low_coverage.20130415.bam.bai	HG02318
05f945f6-c240-48d2-829c-457dc144f9a2	/bam_files/HG00284.mapped.ILLUMINA.bwa.FIN.low_coverage.20120522.bam	drs://data.terra.bio/v1_c0dc283d-adad-4614-9f6c-1e101dd9b443_6f795c24-9665-4397-99bb-c4bb88af50dc	gs://fc-9db09784-fa15-41bb-80f3-28fbc05c715a/76515963-195a-40d9-9d52-89eed542c9a5/BuildBamIndexWithSamtools/6bb339e6-f032-4586-bdc1-2846f375ad6e/call-SamtoolsIndex/glob-6efbc60cb1e0959bab4e467327a9416c/HG00284.mapped.ILLUMINA.bwa.FIN.low_coverage.20120522.bam.bai	HG00284
0605ee97-c987-4c42-9d45-40fce71fac82	/bam_files/HG01565.mapped.ILLUMINA.bwa.PEL.low_coverage.20120522.bam	drs://data.terra.bio/v1_c0dc283d-adad-4614-9f6c-1e101dd9b443_df0fd63a-4537-4b82-90ac-2f7c134ecb6d	gs://fc-9db09784-fa15-41bb-80f3-28fbc05c715a/76515963-195a-40d9-9d52-89eed542c9a5/BuildBamIndexWithSamtools/7cf7fe0d-c47b-4d33-83c3-b6f766a407ab/call-SamtoolsIndex/glob-6efbc60cb1e0959bab4e467327a9416c/HG01565.mapped.ILLUMINA.bwa.PEL.low_coverage.20120522.bam.bai	HG01565
06368455-c2a9-4c48-80c1-a2eb260cb7e0	/bam_files/NA19092.mapped.ILLUMINA.bwa.YRI.low_coverage.20120522.bam	drs://data.terra.bio/v1_c0dc283d-adad-4614-9f6c-1e101dd9b443_78e55ebd-448d-48bc-9910-01a07a0ca4f8	gs://fc-9db09784-fa15-41bb-80f3-28fbc05c715a/76515963-195a-40d9-9d52-89eed542c9a5/BuildBamIndexWithSamtools/38e07606-88a2-49da-969c-553e7d140e14/call-SamtoolsIndex/glob-6efbc60cb1e0959bab4e467327a9416c/NA19092.mapped.ILLUMINA.bwa.YRI.low_coverage.20120522.bam.bai	NA19092
06835a62-d6d0-428e-bb76-4ac8e61fc49d	/bam_files/NA19095.mapped.ILLUMINA.bwa.YRI.low_coverage.20130415.bam	drs://data.terra.bio/v1_c0dc283d-adad-4614-9f6c-1e101dd9b443_21458bb2-57b9-4f3d-a00d-3c8b6f18eeb5	gs://fc-9db09784-fa15-41bb-80f3-28fbc05c715a/76515963-195a-40d9-9d52-89eed542c9a5/BuildBamIndexWithSamtools/f5cbdc03-f03b-43a1-9c38-3d18764f571b/call-SamtoolsIndex/glob-6efbc60cb1e0959bab4e467327a9416c/NA19095.mapped.ILLUMINA.bwa.YRI.low_coverage.20130415.bam.bai	NA19095
069a57b2-d834-4ed9-8808-5254ea90e082	/bam_files/HG03572.mapped.ILLUMINA.bwa.MSL.low_coverage.20121211.bam	drs://data.terra.bio/v1_c0dc283d-adad-4614-9f6c-1e101dd9b443_c8a04e24-9ef5-4277-8347-a2b46fb476fd	gs://fc-9db09784-fa15-41bb-80f3-28fbc05c715a/76515963-195a-40d9-9d52-89eed542c9a5/BuildBamIndexWithSamtools/bdedb0e2-edd8-4293-bbc0-d743353579ca/call-SamtoolsIndex/glob-6efbc60cb1e0959bab4e467327a9416c/HG03572.mapped.ILLUMINA.bwa.MSL.low_coverage.20121211.bam.bai	HG03572
06b118e3-1fe8-4aa6-9db9-b1e696bd71c5	/bam_files/NA20851.mapped.ILLUMINA.bwa.GIH.low_coverage.20120522.bam	drs://data.terra.bio/v1_c0dc283d-adad-4614-9f6c-1e101dd9b443_3fc08611-c18b-4d6a-834e-c02131e21def	gs://fc-9db09784-fa15-41bb-80f3-28fbc05c715a/76515963-195a-40d9-9d52-89eed542c9a5/BuildBamIndexWithSamtools/a9a12de3-f69b-49d9-b90e-77582327c63c/call-SamtoolsIndex/glob-6efbc60cb1e0959bab4e467327a9416c/NA20851.mapped.ILLUMINA.bwa.GIH.low_coverage.20120522.bam.bai	NA20851
06c1eeb8-8ac5-4a45-b803-58be3f0c1d5d	/bam_files/NA20866.mapped.ILLUMINA.bwa.GIH.low_coverage.20120522.bam	drs://data.terra.bio/v1_c0dc283d-adad-4614-9f6c-1e101dd9b443_437e7165-8233-441a-a8c6-f1dfd632765b	gs://fc-9db09784-fa15-41bb-80f3-28fbc05c715a/76515963-195a-40d9-9d52-89eed542c9a5/BuildBamIndexWithSamtools/c0d961e2-b7c8-476e-a05a-835105507802/call-SamtoolsIndex/glob-6efbc60cb1e0959bab4e467327a9416c/NA20866.mapped.ILLUMINA.bwa.GIH.low_coverage.20120522.bam.bai	NA20866
06e51e52-2e2e-4fd5-89b2-85e62306833c	/bam_files/HG02817.mapped.ILLUMINA.bwa.GWD.low_coverage.20121211.bam	drs://data.terra.bio/v1_c0dc283d-adad-4614-9f6c-1e101dd9b443_9ce2a1c9-f68f-4f07-b7cd-a062dd3a4d41	gs://fc-9db09784-fa15-41bb-80f3-28fbc05c715a/76515963-195a-40d9-9d52-89eed542c9a5/BuildBamIndexWithSamtools/7a968fdf-c6fe-49b0-8143-064e13037cc4/call-SamtoolsIndex/glob-6efbc60cb1e0959bab4e467327a9416c/HG02817.mapped.ILLUMINA.bwa.GWD.low_coverage.20121211.bam.bai	HG02817
06e7526f-eddf-4558-98a9-1037d4372030	/bam_files/HG02685.mapped.ILLUMINA.bwa.PJL.low_coverage.20121211.bam	drs://data.terra.bio/v1_c0dc283d-adad-4614-9f6c-1e101dd9b443_15724b10-c55b-46c5-ab2c-3296f3616f86	gs://fc-9db09784-fa15-41bb-80f3-28fbc05c715a/76515963-195a-40d9-9d52-89eed542c9a5/BuildBamIndexWithSamtools/63ee205c-88f9-46ed-82c1-2f209b937f3f/call-SamtoolsIndex/glob-6efbc60cb1e0959bab4e467327a9416c/HG02685.mapped.ILLUMINA.bwa.PJL.low_coverage.20121211.bam.bai	HG02685
06febe4e-a7fb-4945-a657-841f916d3ce2	/bam_files/NA19713.mapped.ILLUMINA.bwa.ASW.low_coverage.20120522.bam	drs://data.terra.bio/v1_c0dc283d-adad-4614-9f6c-1e101dd9b443_17a63f4b-f1a2-4b88-862c-aa2d7b0eee84	gs://fc-9db09784-fa15-41bb-80f3-28fbc05c715a/76515963-195a-40d9-9d52-89eed542c9a5/BuildBamIndexWithSamtools/127cdd41-787d-4734-83ef-d4a410008b6a/call-SamtoolsIndex/glob-6efbc60cb1e0959bab4e467327a9416c/NA19713.mapped.ILLUMINA.bwa.ASW.low_coverage.20120522.bam.bai	NA19713
0719ece5-ad8e-48c3-858c-c3a1c491869c	/bam_files/HG01874.mapped.ILLUMINA.bwa.KHV.low_coverage.20120522.bam	drs://data.terra.bio/v1_c0dc283d-adad-4614-9f6c-1e101dd9b443_cfe0d220-129f-46ea-a85b-021ecdbca3a4	gs://fc-9db09784-fa15-41bb-80f3-28fbc05c715a/76515963-195a-40d9-9d52-89eed542c9a5/BuildBamIndexWithSamtools/96aeaa68-d792-4b1f-b9cf-a35be63686c7/call-SamtoolsIndex/glob-6efbc60cb1e0959bab4e467327a9416c/HG01874.mapped.ILLUMINA.bwa.KHV.low_coverage.20120522.bam.bai	HG01874
0752f960-dfcd-41fa-800b-8a5debbd89d4	/bam_files/HG00188.mapped.ILLUMINA.bwa.FIN.low_coverage.20121211.bam	drs://data.terra.bio/v1_c0dc283d-adad-4614-9f6c-1e101dd9b443_c207aa35-ebb7-43f6-a0d6-ae58c2581327	gs://fc-9db09784-fa15-41bb-80f3-28fbc05c715a/76515963-195a-40d9-9d52-89eed542c9a5/BuildBamIndexWithSamtools/d4ee8768-9c42-4384-8b7b-0d4ad20ddc4f/call-SamtoolsIndex/glob-6efbc60cb1e0959bab4e467327a9416c/HG00188.mapped.ILLUMINA.bwa.FIN.low_coverage.20121211.bam.bai	HG00188
075e2ac5-59f8-40bc-90d6-ef90c234f640	/bam_files/NA12006.mapped.ILLUMINA.bwa.CEU.low_coverage.20121211.bam	drs://data.terra.bio/v1_c0dc283d-adad-4614-9f6c-1e101dd9b443_2bad17e4-e27c-4abf-aca6-ec82ee2ffac7	gs://fc-9db09784-fa15-41bb-80f3-28fbc05c715a/76515963-195a-40d9-9d52-89eed542c9a5/BuildBamIndexWithSamtools/b33fc6e9-a68d-4f10-a309-de1f7aa387be/call-SamtoolsIndex/glob-6efbc60cb1e0959bab4e467327a9416c/NA12006.mapped.ILLUMINA.bwa.CEU.low_coverage.20121211.bam.bai	NA12006
07e75966-87f1-45ed-9a12-c398d0b00d72	/bam_files/NA12717.mapped.ILLUMINA.bwa.CEU.low_coverage.20130422.bam	drs://data.terra.bio/v1_c0dc283d-adad-4614-9f6c-1e101dd9b443_62df8bbd-2dcc-471c-ae8e-f1b20c3164dd	gs://fc-9db09784-fa15-41bb-80f3-28fbc05c715a/76515963-195a-40d9-9d52-89eed542c9a5/BuildBamIndexWithSamtools/e43821c6-dfaa-4e37-9698-1f15c8cad8e3/call-SamtoolsIndex/glob-6efbc60cb1e0959bab4e467327a9416c/NA12717.mapped.ILLUMINA.bwa.CEU.low_coverage.20130422.bam.bai	NA12717
07fa4c5a-ac6b-4298-a376-49176787b472	/bam_files/HG02087.mapped.ILLUMINA.bwa.KHV.low_coverage.20130415.bam	drs://data.terra.bio/v1_c0dc283d-adad-4614-9f6c-1e101dd9b443_b5efb1d9-d4cf-40a3-a200-506419fd66c9	gs://fc-9db09784-fa15-41bb-80f3-28fbc05c715a/76515963-195a-40d9-9d52-89eed542c9a5/BuildBamIndexWithSamtools/030d71dd-f2d2-427f-a8b3-8116a6ce5f84/call-SamtoolsIndex/glob-6efbc60cb1e0959bab4e467327a9416c/HG02087.mapped.ILLUMINA.bwa.KHV.low_coverage.20130415.bam.bai	HG02087
08152e48-c52c-4915-963f-f91d38784b78	/bam_files/HG00334.mapped.ILLUMINA.bwa.FIN.low_coverage.20120522.bam	drs://data.terra.bio/v1_c0dc283d-adad-4614-9f6c-1e101dd9b443_4ac609cc-8ac0-4d0f-9f3c-1f5e8e53bce8	gs://fc-9db09784-fa15-41bb-80f3-28fbc05c715a/76515963-195a-40d9-9d52-89eed542c9a5/BuildBamIndexWithSamtools/575bafaf-b1b3-44f5-8f09-38e05e88cc7a/call-SamtoolsIndex/glob-6efbc60cb1e0959bab4e467327a9416c/HG00334.mapped.ILLUMINA.bwa.FIN.low_coverage.20120522.bam.bai	HG00334
086c2297-372e-4bc3-9bfd-e7d1f0bb988a	/bam_files/HG03112.mapped.ILLUMINA.bwa.ESN.low_coverage.20130415.bam	drs://data.terra.bio/v1_c0dc283d-adad-4614-9f6c-1e101dd9b443_a1c640a4-7b98-4333-9c3d-c6d9a36ad39d	gs://fc-9db09784-fa15-41bb-80f3-28fbc05c715a/76515963-195a-40d9-9d52-89eed542c9a5/BuildBamIndexWithSamtools/effb2ea0-4e44-40a0-bb73-3924b817ccc2/call-SamtoolsIndex/glob-6efbc60cb1e0959bab4e467327a9416c/HG03112.mapped.ILLUMINA.bwa.ESN.low_coverage.20130415.bam.bai	HG03112
086dddc4-7e40-4935-b2f2-cbc0f7dda0ab	/bam_files/HG03971.mapped.ILLUMINA.bwa.ITU.low_coverage.20121211.bam	drs://data.terra.bio/v1_c0dc283d-adad-4614-9f6c-1e101dd9b443_40655499-597e-4136-aaf1-802bd0dc0aa0	gs://fc-9db09784-fa15-41bb-80f3-28fbc05c715a/76515963-195a-40d9-9d52-89eed542c9a5/BuildBamIndexWithSamtools/ab03bd1d-a70f-4d27-8c3e-fc9b31e5639a/call-SamtoolsIndex/glob-6efbc60cb1e0959bab4e467327a9416c/HG03971.mapped.ILLUMINA.bwa.ITU.low_coverage.20121211.bam.bai	HG03971
087166a1-f69c-4a59-bb40-fbd6e2c34f50	/bam_files/HG03895.mapped.ILLUMINA.bwa.STU.low_coverage.20121211.bam	drs://data.terra.bio/v1_c0dc283d-adad-4614-9f6c-1e101dd9b443_8b9d9af3-7490-4c8b-97a5-29975d0c4487	gs://fc-9db09784-fa15-41bb-80f3-28fbc05c715a/76515963-195a-40d9-9d52-89eed542c9a5/BuildBamIndexWithSamtools/0439ba0b-8d8b-44db-9abf-d7e0bb55c9da/call-SamtoolsIndex/glob-6efbc60cb1e0959bab4e467327a9416c/HG03895.mapped.ILLUMINA.bwa.STU.low_coverage.20121211.bam.bai	HG03895
0891ea54-7e54-44b5-9d09-b07ce03b5fe4	/bam_files/HG02541.mapped.ILLUMINA.bwa.ACB.low_coverage.20130415.bam	drs://data.terra.bio/v1_c0dc283d-adad-4614-9f6c-1e101dd9b443_4935dc14-dc2e-4b3e-9a4e-c9e00ad463b8	gs://fc-9db09784-fa15-41bb-80f3-28fbc05c715a/76515963-195a-40d9-9d52-89eed542c9a5/BuildBamIndexWithSamtools/ce1bf89f-aa77-4482-9287-903c0cd429a1/call-SamtoolsIndex/glob-6efbc60cb1e0959bab4e467327a9416c/HG02541.mapped.ILLUMINA.bwa.ACB.low_coverage.20130415.bam.bai	HG02541
08938817-8c58-4f68-9fd7-7b999b41b0d2	/bam_files/HG01366.mapped.ILLUMINA.bwa.CLM.low_coverage.20120522.bam	drs://data.terra.bio/v1_c0dc283d-adad-4614-9f6c-1e101dd9b443_81042168-7b6a-4572-b9c8-c43db1ba185d	gs://fc-9db09784-fa15-41bb-80f3-28fbc05c715a/76515963-195a-40d9-9d52-89eed542c9a5/BuildBamIndexWithSamtools/f06c7b8c-c1f6-4421-9e9e-40d452591f1a/call-SamtoolsIndex/glob-6efbc60cb1e0959bab4e467327a9416c/HG01366.mapped.ILLUMINA.bwa.CLM.low_coverage.20120522.bam.bai	HG01366
08a26f09-bd1e-4f80-b88b-ece5599f5dcd	/bam_files/NA18498.mapped.ILLUMINA.bwa.YRI.low_coverage.20120522.bam	drs://data.terra.bio/v1_c0dc283d-adad-4614-9f6c-1e101dd9b443_5319a481-573b-445a-8ce1-1bcb85d99d57	gs://fc-9db09784-fa15-41bb-80f3-28fbc05c715a/76515963-195a-40d9-9d52-89eed542c9a5/BuildBamIndexWithSamtools/d3e09392-2348-45eb-8758-944a30d10403/call-SamtoolsIndex/glob-6efbc60cb1e0959bab4e467327a9416c/NA18498.mapped.ILLUMINA.bwa.YRI.low_coverage.20120522.bam.bai	NA18498
08a3fda5-efdd-4416-a937-97c7352ff078	/bam_files/HG00428.mapped.ILLUMINA.bwa.CHS.low_coverage.20130415.bam	drs://data.terra.bio/v1_c0dc283d-adad-4614-9f6c-1e101dd9b443_7f600755-e6d1-4d2e-a4c0-3a64963a9118	gs://fc-9db09784-fa15-41bb-80f3-28fbc05c715a/76515963-195a-40d9-9d52-89eed542c9a5/BuildBamIndexWithSamtools/39e29e98-076f-4f74-8825-ba8cd366692f/call-SamtoolsIndex/glob-6efbc60cb1e0959bab4e467327a9416c/HG00428.mapped.ILLUMINA.bwa.CHS.low_coverage.20130415.bam.bai	HG00428
08a57038-53c2-4b51-95bb-8a9aa7ee8b61	/bam_files/HG01566.mapped.ILLUMINA.bwa.PEL.low_coverage.20120522.bam	drs://data.terra.bio/v1_c0dc283d-adad-4614-9f6c-1e101dd9b443_4cae3489-a7c8-4c37-99ef-09edd13c0b99	gs://fc-9db09784-fa15-41bb-80f3-28fbc05c715a/76515963-195a-40d9-9d52-89eed542c9a5/BuildBamIndexWithSamtools/51a8a3a5-ce43-4d9b-93ef-474ed18edc68/call-SamtoolsIndex/glob-6efbc60cb1e0959bab4e467327a9416c/HG01566.mapped.ILLUMINA.bwa.PEL.low_coverage.20120522.bam.bai	HG01566
08ad2419-f0ad-467d-964a-f97a4719865d	/bam_files/HG02731.mapped.ILLUMINA.bwa.PJL.low_coverage.20130415.bam	drs://data.terra.bio/v1_c0dc283d-adad-4614-9f6c-1e101dd9b443_16160852-65ad-4264-8c29-1696ed515e93	gs://fc-9db09784-fa15-41bb-80f3-28fbc05c715a/76515963-195a-40d9-9d52-89eed542c9a5/BuildBamIndexWithSamtools/3c112258-62f8-4f6b-a21d-08d9d87fe276/call-SamtoolsIndex/glob-6efbc60cb1e0959bab4e467327a9416c/HG02731.mapped.ILLUMINA.bwa.PJL.low_coverage.20130415.bam.bai	HG02731
08b945ab-0db3-4ba4-b877-388cb19bed83	/bam_files/HG03235.mapped.ILLUMINA.bwa.PJL.low_coverage.20121211.bam	drs://data.terra.bio/v1_c0dc283d-adad-4614-9f6c-1e101dd9b443_d52c8152-1c5d-4cc0-9ac6-9f4e19054c44	gs://fc-9db09784-fa15-41bb-80f3-28fbc05c715a/76515963-195a-40d9-9d52-89eed542c9a5/BuildBamIndexWithSamtools/57bdfc06-270a-4025-87cf-71ea7c94c426/call-SamtoolsIndex/glob-6efbc60cb1e0959bab4e467327a9416c/HG03235.mapped.ILLUMINA.bwa.PJL.low_coverage.20121211.bam.bai	HG03235
08bf3fd8-ca33-45c6-a884-135a77fae799	/bam_files/HG02407.mapped.ILLUMINA.bwa.CDX.low_coverage.20120522.bam	drs://data.terra.bio/v1_c0dc283d-adad-4614-9f6c-1e101dd9b443_74f8a2fb-1723-4d37-a45b-31f34e3f5f48	gs://fc-9db09784-fa15-41bb-80f3-28fbc05c715a/76515963-195a-40d9-9d52-89eed542c9a5/BuildBamIndexWithSamtools/77d9bf9d-b56b-4a37-8e6d-b9224548af19/call-SamtoolsIndex/glob-6efbc60cb1e0959bab4e467327a9416c/HG02407.mapped.ILLUMINA.bwa.CDX.low_coverage.20120522.bam.bai	HG02407
0907d4cb-d4cf-4aa2-97dc-346e97abf911	/bam_files/HG04047.mapped.ILLUMINA.bwa.STU.low_coverage.20130415.bam	drs://data.terra.bio/v1_c0dc283d-adad-4614-9f6c-1e101dd9b443_eb350f59-b6f4-4d3f-af79-13204b4be1c4	gs://fc-9db09784-fa15-41bb-80f3-28fbc05c715a/76515963-195a-40d9-9d52-89eed542c9a5/BuildBamIndexWithSamtools/1b1acffa-2d7a-4c4e-b269-daee719643a5/call-SamtoolsIndex/glob-6efbc60cb1e0959bab4e467327a9416c/HG04047.mapped.ILLUMINA.bwa.STU.low_coverage.20130415.bam.bai	HG04047
0917c685-91a9-49bd-a253-9a4e6dfc98f2	/bam_files/HG00599.mapped.ILLUMINA.bwa.CHS.low_coverage.20121211.bam	drs://data.terra.bio/v1_c0dc283d-adad-4614-9f6c-1e101dd9b443_0411c112-3abe-4cc7-a066-83bd5979ca37	gs://fc-9db09784-fa15-41bb-80f3-28fbc05c715a/76515963-195a-40d9-9d52-89eed542c9a5/BuildBamIndexWithSamtools/186c56b0-c71e-4d01-8289-01d984a16042/call-SamtoolsIndex/glob-6efbc60cb1e0959bab4e467327a9416c/HG00599.mapped.ILLUMINA.bwa.CHS.low_coverage.20121211.bam.bai	HG00599
092de637-508e-49f9-97d4-278d47f61fe0	/bam_files/HG01066.mapped.ILLUMINA.bwa.PUR.low_coverage.20120522.bam	drs://data.terra.bio/v1_c0dc283d-adad-4614-9f6c-1e101dd9b443_b1cb68e7-589b-4a4c-bc71-8c01a48ee833	gs://fc-9db09784-fa15-41bb-80f3-28fbc05c715a/76515963-195a-40d9-9d52-89eed542c9a5/BuildBamIndexWithSamtools/972d32d8-88c7-482c-8c0a-223c2ff9cc4f/call-SamtoolsIndex/glob-6efbc60cb1e0959bab4e467327a9416c/HG01066.mapped.ILLUMINA.bwa.PUR.low_coverage.20120522.bam.bai	HG01066
093e35b3-549d-4edc-8cbd-9f38f45572e4	/bam_files/HG03830.mapped.ILLUMINA.bwa.BEB.low_coverage.20130415.bam	drs://data.terra.bio/v1_c0dc283d-adad-4614-9f6c-1e101dd9b443_21e6e00f-8e99-43fa-9991-5636dda1e3ae	gs://fc-9db09784-fa15-41bb-80f3-28fbc05c715a/76515963-195a-40d9-9d52-89eed542c9a5/BuildBamIndexWithSamtools/fc3342e2-dfc4-4b30-9beb-e6599a428f5d/call-SamtoolsIndex/glob-6efbc60cb1e0959bab4e467327a9416c/HG03830.mapped.ILLUMINA.bwa.BEB.low_coverage.20130415.bam.bai	HG03830
09991b66-1dcc-4fd5-b357-ef1e37927002	/bam_files/NA21135.mapped.ILLUMINA.bwa.GIH.low_coverage.20130415.bam	drs://data.terra.bio/v1_c0dc283d-adad-4614-9f6c-1e101dd9b443_a776b93e-230b-403a-a6c6-43dfa83022f5	gs://fc-9db09784-fa15-41bb-80f3-28fbc05c715a/76515963-195a-40d9-9d52-89eed542c9a5/BuildBamIndexWithSamtools/1e731ba1-ecad-47f7-bda2-6812882ba8a4/call-SamtoolsIndex/glob-6efbc60cb1e0959bab4e467327a9416c/NA21135.mapped.ILLUMINA.bwa.GIH.low_coverage.20130415.bam.bai	NA21135
09a71d6a-1e70-4f57-a095-0ba261cc261e	/bam_files/HG04200.mapped.ILLUMINA.bwa.ITU.low_coverage.20130415.bam	drs://data.terra.bio/v1_c0dc283d-adad-4614-9f6c-1e101dd9b443_14b4bb97-f990-469d-9357-daa73d79b281	gs://fc-9db09784-fa15-41bb-80f3-28fbc05c715a/76515963-195a-40d9-9d52-89eed542c9a5/BuildBamIndexWithSamtools/4c3a81b4-f4d1-4b6b-a63e-27a22bdfff5d/call-SamtoolsIndex/glob-6efbc60cb1e0959bab4e467327a9416c/HG04200.mapped.ILLUMINA.bwa.ITU.low_coverage.20130415.bam.bai	HG04200
09e225e1-4a2d-4955-958b-47830415f85a	/bam_files/HG03115.mapped.ILLUMINA.bwa.ESN.low_coverage.20130415.bam	drs://data.terra.bio/v1_c0dc283d-adad-4614-9f6c-1e101dd9b443_69d29ba2-fbb5-4217-aa05-5bbf2a130112	gs://fc-9db09784-fa15-41bb-80f3-28fbc05c715a/76515963-195a-40d9-9d52-89eed542c9a5/BuildBamIndexWithSamtools/1d7b4396-a6cf-47dd-8f9b-97d0c4dc31bd/call-SamtoolsIndex/glob-6efbc60cb1e0959bab4e467327a9416c/HG03115.mapped.ILLUMINA.bwa.ESN.low_coverage.20130415.bam.bai	HG03115
0a2aa74b-f491-48db-85be-b087a3a0cbdd	/bam_files/HG01846.mapped.ILLUMINA.bwa.KHV.low_coverage.20120522.bam	drs://data.terra.bio/v1_c0dc283d-adad-4614-9f6c-1e101dd9b443_11c8c65b-0a2d-4266-a3ac-7701262f2a29	gs://fc-9db09784-fa15-41bb-80f3-28fbc05c715a/76515963-195a-40d9-9d52-89eed542c9a5/BuildBamIndexWithSamtools/79ff4224-0b62-4c69-a334-db2ca04630c2/call-SamtoolsIndex/glob-6efbc60cb1e0959bab4e467327a9416c/HG01846.mapped.ILLUMINA.bwa.KHV.low_coverage.20120522.bam.bai	HG01846
0a317ffe-4e8a-43be-8582-729cc60707c6	/bam_files/HG03789.mapped.ILLUMINA.bwa.ITU.low_coverage.20130415.bam	drs://data.terra.bio/v1_c0dc283d-adad-4614-9f6c-1e101dd9b443_8aa2be6f-9054-4915-bb62-c5854deb319d	gs://fc-9db09784-fa15-41bb-80f3-28fbc05c715a/76515963-195a-40d9-9d52-89eed542c9a5/BuildBamIndexWithSamtools/dc63f2c7-ad9a-4976-abfc-e6c29e3f41c8/call-SamtoolsIndex/glob-6efbc60cb1e0959bab4e467327a9416c/HG03789.mapped.ILLUMINA.bwa.ITU.low_coverage.20130415.bam.bai	HG03789
0a31f288-f780-4837-b881-36e105542994	/bam_files/HG03882.mapped.ILLUMINA.bwa.ITU.low_coverage.20130422.bam	drs://data.terra.bio/v1_c0dc283d-adad-4614-9f6c-1e101dd9b443_1818effb-3ef6-4027-982e-14855d581a64	gs://fc-9db09784-fa15-41bb-80f3-28fbc05c715a/76515963-195a-40d9-9d52-89eed542c9a5/BuildBamIndexWithSamtools/2dab85de-241e-4203-ae13-99f35659e371/call-SamtoolsIndex/glob-6efbc60cb1e0959bab4e467327a9416c/HG03882.mapped.ILLUMINA.bwa.ITU.low_coverage.20130422.bam.bai	HG03882
0a377d8c-a206-4185-bf18-a157aec749e2	/bam_files/HG00728.mapped.ILLUMINA.bwa.CHS.low_coverage.20121211.bam	drs://data.terra.bio/v1_c0dc283d-adad-4614-9f6c-1e101dd9b443_262a292c-777e-4834-9c79-2c9435c596f4	gs://fc-9db09784-fa15-41bb-80f3-28fbc05c715a/76515963-195a-40d9-9d52-89eed542c9a5/BuildBamIndexWithSamtools/493510ea-f156-4f1a-9b6b-413895bdbfb7/call-SamtoolsIndex/glob-6efbc60cb1e0959bab4e467327a9416c/HG00728.mapped.ILLUMINA.bwa.CHS.low_coverage.20121211.bam.bai	HG00728
0a45fc87-ac90-4fe0-a4bd-9eaf8ddeaedc	/bam_files/NA20808.mapped.ILLUMINA.bwa.TSI.low_coverage.20130415.bam	drs://data.terra.bio/v1_c0dc283d-adad-4614-9f6c-1e101dd9b443_7d9c5b61-e10c-422d-9431-efd4b475e408	gs://fc-9db09784-fa15-41bb-80f3-28fbc05c715a/76515963-195a-40d9-9d52-89eed542c9a5/BuildBamIndexWithSamtools/84e42e49-5f27-481b-8fb4-d63eb4da181c/call-SamtoolsIndex/glob-6efbc60cb1e0959bab4e467327a9416c/NA20808.mapped.ILLUMINA.bwa.TSI.low_coverage.20130415.bam.bai	NA20808
0a535d6d-1fe1-4817-bd23-e0b1e56cef33	/bam_files/NA19149.mapped.ILLUMINA.bwa.YRI.low_coverage.20130415.bam	drs://data.terra.bio/v1_c0dc283d-adad-4614-9f6c-1e101dd9b443_ff7a2188-a26f-49fd-b6de-322a941e9611	gs://fc-9db09784-fa15-41bb-80f3-28fbc05c715a/76515963-195a-40d9-9d52-89eed542c9a5/BuildBamIndexWithSamtools/543dd67c-03db-4219-84a9-cfd685d5f916/call-SamtoolsIndex/glob-6efbc60cb1e0959bab4e467327a9416c/NA19149.mapped.ILLUMINA.bwa.YRI.low_coverage.20130415.bam.bai	NA19149
0a6b76b8-dc48-4758-b550-17cd03aad506	/bam_files/HG03934.mapped.ILLUMINA.bwa.BEB.low_coverage.20121211.bam	drs://data.terra.bio/v1_c0dc283d-adad-4614-9f6c-1e101dd9b443_37c6996c-6793-466c-b941-b9c752fbd590	gs://fc-9db09784-fa15-41bb-80f3-28fbc05c715a/76515963-195a-40d9-9d52-89eed542c9a5/BuildBamIndexWithSamtools/ce0315bc-e3e1-466a-a793-511abcaa1d46/call-SamtoolsIndex/glob-6efbc60cb1e0959bab4e467327a9416c/HG03934.mapped.ILLUMINA.bwa.BEB.low_coverage.20121211.bam.bai	HG03934
0a942936-6fd1-43df-9391-4912abcac53a	/bam_files/HG01697.mapped.ILLUMINA.bwa.IBS.low_coverage.20120522.bam	drs://data.terra.bio/v1_c0dc283d-adad-4614-9f6c-1e101dd9b443_a5570e6e-7b98-4da3-be46-7f5220c8d038	gs://fc-9db09784-fa15-41bb-80f3-28fbc05c715a/76515963-195a-40d9-9d52-89eed542c9a5/BuildBamIndexWithSamtools/6fa620e5-f180-4dfb-b52e-3f110dcc5905/call-SamtoolsIndex/glob-6efbc60cb1e0959bab4e467327a9416c/HG01697.mapped.ILLUMINA.bwa.IBS.low_coverage.20120522.bam.bai	HG01697
0abebf88-2024-449e-86b2-1ccc5d3c782c	/bam_files/HG04180.mapped.ILLUMINA.bwa.BEB.low_coverage.20130502.bam	drs://data.terra.bio/v1_c0dc283d-adad-4614-9f6c-1e101dd9b443_2b931c9f-23f5-4b4e-b277-62b03c3e775d	gs://fc-9db09784-fa15-41bb-80f3-28fbc05c715a/76515963-195a-40d9-9d52-89eed542c9a5/BuildBamIndexWithSamtools/3aac051e-4eda-40e8-8eb3-5c9733b24830/call-SamtoolsIndex/glob-6efbc60cb1e0959bab4e467327a9416c/HG04180.mapped.ILLUMINA.bwa.BEB.low_coverage.20130502.bam.bai	HG04180
0afadff9-4af7-486d-9849-36f7aefc7305	/bam_files/NA20801.mapped.ILLUMINA.bwa.TSI.low_coverage.20130415.bam	drs://data.terra.bio/v1_c0dc283d-adad-4614-9f6c-1e101dd9b443_ef26d9d7-c22a-418a-a527-9b3e3974f752	gs://fc-9db09784-fa15-41bb-80f3-28fbc05c715a/76515963-195a-40d9-9d52-89eed542c9a5/BuildBamIndexWithSamtools/9c52f166-d8bd-4d4f-b6d7-a91e494d1e08/call-SamtoolsIndex/glob-6efbc60cb1e0959bab4e467327a9416c/NA20801.mapped.ILLUMINA.bwa.TSI.low_coverage.20130415.bam.bai	NA20801
0b18f093-7c0b-44e3-bade-0b1ad5965bf2	/bam_files/HG01531.mapped.ILLUMINA.bwa.IBS.low_coverage.20130415.bam	drs://data.terra.bio/v1_c0dc283d-adad-4614-9f6c-1e101dd9b443_b1ce9d20-f89f-4c13-9bc2-34f9f5d33d7f	gs://fc-9db09784-fa15-41bb-80f3-28fbc05c715a/76515963-195a-40d9-9d52-89eed542c9a5/BuildBamIndexWithSamtools/7e3b426f-9486-43a7-ab64-e4b6ef37140d/call-SamtoolsIndex/glob-6efbc60cb1e0959bab4e467327a9416c/HG01531.mapped.ILLUMINA.bwa.IBS.low_coverage.20130415.bam.bai	HG01531
0b47e49a-93a2-4750-9327-9533e7b0ceff	/bam_files/HG03616.mapped.ILLUMINA.bwa.BEB.low_coverage.20130415.bam	drs://data.terra.bio/v1_c0dc283d-adad-4614-9f6c-1e101dd9b443_983fd3c9-e5ec-4197-b127-f5fb015c9d6e	gs://fc-9db09784-fa15-41bb-80f3-28fbc05c715a/76515963-195a-40d9-9d52-89eed542c9a5/BuildBamIndexWithSamtools/0284cefa-96a4-42d9-9b20-b49304aa07b6/call-SamtoolsIndex/glob-6efbc60cb1e0959bab4e467327a9416c/HG03616.mapped.ILLUMINA.bwa.BEB.low_coverage.20130415.bam.bai	HG03616
0b50f18a-f291-4a6b-977d-a7b9284fff9c	/bam_files/HG00187.mapped.ILLUMINA.bwa.FIN.low_coverage.20120522.bam	drs://data.terra.bio/v1_c0dc283d-adad-4614-9f6c-1e101dd9b443_195c7f7c-9c4f-432d-8877-90c43abb1bae	gs://fc-9db09784-fa15-41bb-80f3-28fbc05c715a/76515963-195a-40d9-9d52-89eed542c9a5/BuildBamIndexWithSamtools/f5cc891e-7ef8-4f75-a262-d1bfcd6d9a7d/call-SamtoolsIndex/glob-6efbc60cb1e0959bab4e467327a9416c/HG00187.mapped.ILLUMINA.bwa.FIN.low_coverage.20120522.bam.bai	HG00187
0b793d27-14ce-40e8-a231-05583c351876	/bam_files/NA19379.mapped.ILLUMINA.bwa.LWK.low_coverage.20120522.bam	drs://data.terra.bio/v1_c0dc283d-adad-4614-9f6c-1e101dd9b443_195ca36b-1128-4193-905b-df9770097359	gs://fc-9db09784-fa15-41bb-80f3-28fbc05c715a/76515963-195a-40d9-9d52-89eed542c9a5/BuildBamIndexWithSamtools/8ea41998-7f82-4a60-9d42-d5f23e9b8866/call-SamtoolsIndex/attempt-2/glob-6efbc60cb1e0959bab4e467327a9416c/NA19379.mapped.ILLUMINA.bwa.LWK.low_coverage.20120522.bam.bai	NA19379
0b92e1d2-0e56-4d11-993c-dba77d635b4d	/bam_files/HG01474.mapped.ILLUMINA.bwa.CLM.low_coverage.20130415.bam	drs://data.terra.bio/v1_c0dc283d-adad-4614-9f6c-1e101dd9b443_18b5569b-707b-42a0-ab46-9774a9c03117	gs://fc-9db09784-fa15-41bb-80f3-28fbc05c715a/76515963-195a-40d9-9d52-89eed542c9a5/BuildBamIndexWithSamtools/629b10a8-071c-4151-a0b5-e0a5433dc9f7/call-SamtoolsIndex/glob-6efbc60cb1e0959bab4e467327a9416c/HG01474.mapped.ILLUMINA.bwa.CLM.low_coverage.20130415.bam.bai	HG01474
0be32626-c6ae-4c9f-9b17-847093bca25b	/bam_files/NA11931.mapped.ILLUMINA.bwa.CEU.low_coverage.20130415.bam	drs://data.terra.bio/v1_c0dc283d-adad-4614-9f6c-1e101dd9b443_ee054675-de49-49e9-9d65-50367b47fd5c	gs://fc-9db09784-fa15-41bb-80f3-28fbc05c715a/76515963-195a-40d9-9d52-89eed542c9a5/BuildBamIndexWithSamtools/a26bdab2-ab15-41de-9665-63f8062733f7/call-SamtoolsIndex/glob-6efbc60cb1e0959bab4e467327a9416c/NA11931.mapped.ILLUMINA.bwa.CEU.low_coverage.20130415.bam.bai	NA11931
0be3e454-cb6e-4c99-9864-a749355124b4	/bam_files/HG02589.mapped.ILLUMINA.bwa.GWD.low_coverage.20121211.bam	drs://data.terra.bio/v1_c0dc283d-adad-4614-9f6c-1e101dd9b443_c11bd56a-f588-4800-b49a-2f42c7be1934	gs://fc-9db09784-fa15-41bb-80f3-28fbc05c715a/76515963-195a-40d9-9d52-89eed542c9a5/BuildBamIndexWithSamtools/231f3ba0-3cf0-4adc-bce6-a8d5d24e4730/call-SamtoolsIndex/attempt-4/glob-6efbc60cb1e0959bab4e467327a9416c/HG02589.mapped.ILLUMINA.bwa.GWD.low_coverage.20121211.bam.bai	HG02589
0be55cf9-2f4d-4e0c-84b7-0a71c7a3fd1e	/bam_files/HG01362.mapped.ILLUMINA.bwa.CLM.low_coverage.20130415.bam	drs://data.terra.bio/v1_c0dc283d-adad-4614-9f6c-1e101dd9b443_cef4fc52-25fd-4f6a-9b8c-dc364cc861e8	gs://fc-9db09784-fa15-41bb-80f3-28fbc05c715a/76515963-195a-40d9-9d52-89eed542c9a5/BuildBamIndexWithSamtools/f7cd52ac-5136-4a61-b194-7460ceb94f8a/call-SamtoolsIndex/glob-6efbc60cb1e0959bab4e467327a9416c/HG01362.mapped.ILLUMINA.bwa.CLM.low_coverage.20130415.bam.bai	HG01362
0bf28600-7447-4f5d-8bf2-addbf5efb06d	/bam_files/HG02016.mapped.ILLUMINA.bwa.KHV.low_coverage.20120522.bam	drs://data.terra.bio/v1_c0dc283d-adad-4614-9f6c-1e101dd9b443_c8177440-643a-477c-bce8-270d54bf6bb0	gs://fc-9db09784-fa15-41bb-80f3-28fbc05c715a/76515963-195a-40d9-9d52-89eed542c9a5/BuildBamIndexWithSamtools/f370ac85-7dbc-4aa4-b3dd-1e054af21d9a/call-SamtoolsIndex/glob-6efbc60cb1e0959bab4e467327a9416c/HG02016.mapped.ILLUMINA.bwa.KHV.low_coverage.20120522.bam.bai	HG02016
0bfd0223-9f1b-4568-a5a5-2938a71a1e96	/bam_files/HG03885.mapped.ILLUMINA.bwa.STU.low_coverage.20130415.bam	drs://data.terra.bio/v1_c0dc283d-adad-4614-9f6c-1e101dd9b443_4e87a38e-5866-4822-b819-e34a44bde03f	gs://fc-9db09784-fa15-41bb-80f3-28fbc05c715a/76515963-195a-40d9-9d52-89eed542c9a5/BuildBamIndexWithSamtools/c2b912d0-8d1b-4da7-8ef5-f2100e5c86c6/call-SamtoolsIndex/glob-6efbc60cb1e0959bab4e467327a9416c/HG03885.mapped.ILLUMINA.bwa.STU.low_coverage.20130415.bam.bai	HG03885
0c0a513b-b331-480f-b58d-7aab69fb9d65	/bam_files/NA18539.mapped.ILLUMINA.bwa.CHB.low_coverage.20120522.bam	drs://data.terra.bio/v1_c0dc283d-adad-4614-9f6c-1e101dd9b443_593c8449-6bfd-4812-83ea-d9187b501a1a	gs://fc-9db09784-fa15-41bb-80f3-28fbc05c715a/76515963-195a-40d9-9d52-89eed542c9a5/BuildBamIndexWithSamtools/6a81d467-a392-405f-9681-2a405e07d498/call-SamtoolsIndex/glob-6efbc60cb1e0959bab4e467327a9416c/NA18539.mapped.ILLUMINA.bwa.CHB.low_coverage.20120522.bam.bai	NA18539
0c2d19a6-19a9-4011-9b80-11916b2c1369	/bam_files/HG03006.mapped.ILLUMINA.bwa.BEB.low_coverage.20130415.bam	drs://data.terra.bio/v1_c0dc283d-adad-4614-9f6c-1e101dd9b443_183b7b9b-2044-47ad-abc6-6af7cefc8299	gs://fc-9db09784-fa15-41bb-80f3-28fbc05c715a/76515963-195a-40d9-9d52-89eed542c9a5/BuildBamIndexWithSamtools/2134e129-bf8b-49fc-8a26-11fa20a8a2c6/call-SamtoolsIndex/glob-6efbc60cb1e0959bab4e467327a9416c/HG03006.mapped.ILLUMINA.bwa.BEB.low_coverage.20130415.bam.bai	HG03006
0c5041cc-e2eb-458a-8563-aed4b93da892	/bam_files/NA19776.mapped.ILLUMINA.bwa.MXL.low_coverage.20120522.bam	drs://data.terra.bio/v1_c0dc283d-adad-4614-9f6c-1e101dd9b443_8ab43594-e176-405f-bc23-b45d75c55fd8	gs://fc-9db09784-fa15-41bb-80f3-28fbc05c715a/76515963-195a-40d9-9d52-89eed542c9a5/BuildBamIndexWithSamtools/51f020e4-9ede-4bc9-8da2-30f3b5fdbc2a/call-SamtoolsIndex/glob-6efbc60cb1e0959bab4e467327a9416c/NA19776.mapped.ILLUMINA.bwa.MXL.low_coverage.20120522.bam.bai	NA19776
0c8253d0-c748-4efc-8e07-e649f9999a3c	/bam_files/NA20298.mapped.ILLUMINA.bwa.ASW.low_coverage.20130415.bam	drs://data.terra.bio/v1_c0dc283d-adad-4614-9f6c-1e101dd9b443_ca782da2-11c1-44ad-896a-501c74eb754b	gs://fc-9db09784-fa15-41bb-80f3-28fbc05c715a/76515963-195a-40d9-9d52-89eed542c9a5/BuildBamIndexWithSamtools/4befb178-b4b9-4838-bab9-53ebc1315c28/call-SamtoolsIndex/attempt-2/glob-6efbc60cb1e0959bab4e467327a9416c/NA20298.mapped.ILLUMINA.bwa.ASW.low_coverage.20130415.bam.bai	NA20298
0ca41d49-341b-4452-8951-55806730aa3a	/bam_files/NA20770.mapped.ILLUMINA.bwa.TSI.low_coverage.20130415.bam	drs://data.terra.bio/v1_c0dc283d-adad-4614-9f6c-1e101dd9b443_93c74a9f-41f1-4e63-aa6d-c8398e7c620d	gs://fc-9db09784-fa15-41bb-80f3-28fbc05c715a/76515963-195a-40d9-9d52-89eed542c9a5/BuildBamIndexWithSamtools/88b63eeb-4b9a-4948-98a4-2b6f522f7c17/call-SamtoolsIndex/glob-6efbc60cb1e0959bab4e467327a9416c/NA20770.mapped.ILLUMINA.bwa.TSI.low_coverage.20130415.bam.bai	NA20770
0caaa4ef-76c5-4fae-a787-77f5c85902a5	/bam_files/HG02837.mapped.ILLUMINA.bwa.GWD.low_coverage.20121211.bam	drs://data.terra.bio/v1_c0dc283d-adad-4614-9f6c-1e101dd9b443_cbaef4e8-3b74-4a76-88db-7acb260bceae	gs://fc-9db09784-fa15-41bb-80f3-28fbc05c715a/76515963-195a-40d9-9d52-89eed542c9a5/BuildBamIndexWithSamtools/a64ea7f2-5882-48af-8bc9-7be89ac34736/call-SamtoolsIndex/glob-6efbc60cb1e0959bab4e467327a9416c/HG02837.mapped.ILLUMINA.bwa.GWD.low_coverage.20121211.bam.bai	HG02837
0cb5823a-dc40-4321-824e-c51e7dffdafd	/bam_files/HG02009.mapped.ILLUMINA.bwa.ACB.low_coverage.20120522.bam	drs://data.terra.bio/v1_c0dc283d-adad-4614-9f6c-1e101dd9b443_301b6e3d-3534-4549-b6a8-8f9c121e6e7f	gs://fc-9db09784-fa15-41bb-80f3-28fbc05c715a/76515963-195a-40d9-9d52-89eed542c9a5/BuildBamIndexWithSamtools/80bbac84-fb78-453e-8b01-b29d1c7ecbd6/call-SamtoolsIndex/glob-6efbc60cb1e0959bab4e467327a9416c/HG02009.mapped.ILLUMINA.bwa.ACB.low_coverage.20120522.bam.bai	HG02009
0cb97c12-448c-4b8a-821b-57c870252d7a	/bam_files/HG04216.mapped.ILLUMINA.bwa.ITU.low_coverage.20130415.bam	drs://data.terra.bio/v1_c0dc283d-adad-4614-9f6c-1e101dd9b443_659cb847-8314-4fb2-acd0-a766254f8f59	gs://fc-9db09784-fa15-41bb-80f3-28fbc05c715a/76515963-195a-40d9-9d52-89eed542c9a5/BuildBamIndexWithSamtools/eae66b82-591d-4817-8d21-28cc0c494bcb/call-SamtoolsIndex/glob-6efbc60cb1e0959bab4e467327a9416c/HG04216.mapped.ILLUMINA.bwa.ITU.low_coverage.20130415.bam.bai	HG04216
0cd78e66-79c8-4325-ab7a-f1d1539d56b3	/bam_files/HG01612.mapped.ILLUMINA.bwa.IBS.low_coverage.20120522.bam	drs://data.terra.bio/v1_c0dc283d-adad-4614-9f6c-1e101dd9b443_aefb87f1-b9f0-4ef0-8f56-2a56cc720055	gs://fc-9db09784-fa15-41bb-80f3-28fbc05c715a/76515963-195a-40d9-9d52-89eed542c9a5/BuildBamIndexWithSamtools/4019c206-00d7-4eea-9d5c-053ac0b26358/call-SamtoolsIndex/glob-6efbc60cb1e0959bab4e467327a9416c/HG01612.mapped.ILLUMINA.bwa.IBS.low_coverage.20120522.bam.bai	HG01612
0ce5b74b-ba6d-4b6a-a18c-1832664c6cb0	/bam_files/NA18856.mapped.ILLUMINA.bwa.YRI.low_coverage.20120522.bam	drs://data.terra.bio/v1_c0dc283d-adad-4614-9f6c-1e101dd9b443_59dc8a84-50e5-4602-a46b-f08f20b8909a	gs://fc-9db09784-fa15-41bb-80f3-28fbc05c715a/76515963-195a-40d9-9d52-89eed542c9a5/BuildBamIndexWithSamtools/bf45d3a3-bc63-4fe2-a691-900721412ee5/call-SamtoolsIndex/glob-6efbc60cb1e0959bab4e467327a9416c/NA18856.mapped.ILLUMINA.bwa.YRI.low_coverage.20120522.bam.bai	NA18856
0cf003b5-99f4-4225-8423-66e85d64f2dc	/bam_files/HG02778.mapped.ILLUMINA.bwa.PJL.low_coverage.20130415.bam	drs://data.terra.bio/v1_c0dc283d-adad-4614-9f6c-1e101dd9b443_e788dc3a-3edf-4131-96c6-3138a6db3dd0	gs://fc-9db09784-fa15-41bb-80f3-28fbc05c715a/76515963-195a-40d9-9d52-89eed542c9a5/BuildBamIndexWithSamtools/55ca1c41-2215-45bd-b37e-27fa4a23e2d7/call-SamtoolsIndex/glob-6efbc60cb1e0959bab4e467327a9416c/HG02778.mapped.ILLUMINA.bwa.PJL.low_coverage.20130415.bam.bai	HG02778
0d11872e-3306-4bb3-927f-6374a2b5c0a4	/bam_files/NA19308.mapped.ILLUMINA.bwa.LWK.low_coverage.20130415.bam	drs://data.terra.bio/v1_c0dc283d-adad-4614-9f6c-1e101dd9b443_dde3b933-8eec-49ac-8d3d-e4be79cb4b67	gs://fc-9db09784-fa15-41bb-80f3-28fbc05c715a/76515963-195a-40d9-9d52-89eed542c9a5/BuildBamIndexWithSamtools/73b9bba8-4fdc-4c7d-9928-95fdae45ad7f/call-SamtoolsIndex/glob-6efbc60cb1e0959bab4e467327a9416c/NA19308.mapped.ILLUMINA.bwa.LWK.low_coverage.20130415.bam.bai	NA19308
0d5376d0-ce11-4704-8799-12af9b12d59a	/bam_files/HG01670.mapped.ILLUMINA.bwa.IBS.low_coverage.20120522.bam	drs://data.terra.bio/v1_c0dc283d-adad-4614-9f6c-1e101dd9b443_eb4c2a5c-9206-432f-bc89-2b15f3a653d1	gs://fc-9db09784-fa15-41bb-80f3-28fbc05c715a/76515963-195a-40d9-9d52-89eed542c9a5/BuildBamIndexWithSamtools/cce8c758-147b-4dc8-8ae6-07fdce40fbc6/call-SamtoolsIndex/glob-6efbc60cb1e0959bab4e467327a9416c/HG01670.mapped.ILLUMINA.bwa.IBS.low_coverage.20120522.bam.bai	HG01670
0d591579-5a21-403e-a4c0-b4d601848579	/bam_files/HG02768.mapped.ILLUMINA.bwa.GWD.low_coverage.20130415.bam	drs://data.terra.bio/v1_c0dc283d-adad-4614-9f6c-1e101dd9b443_39a0552d-bdf8-40c7-80c4-fa6a889b0f2a	gs://fc-9db09784-fa15-41bb-80f3-28fbc05c715a/76515963-195a-40d9-9d52-89eed542c9a5/BuildBamIndexWithSamtools/b0a2ae16-fa12-4fad-8180-b7ef300a73bf/call-SamtoolsIndex/glob-6efbc60cb1e0959bab4e467327a9416c/HG02768.mapped.ILLUMINA.bwa.GWD.low_coverage.20130415.bam.bai	HG02768
0d5d01d9-cc77-4e8c-ab72-f178bd6c2300	/bam_files/HG02561.mapped.ILLUMINA.bwa.GWD.low_coverage.20121211.bam	drs://data.terra.bio/v1_c0dc283d-adad-4614-9f6c-1e101dd9b443_90ff9efe-502b-4971-88b9-b5f2f07f851b	gs://fc-9db09784-fa15-41bb-80f3-28fbc05c715a/76515963-195a-40d9-9d52-89eed542c9a5/BuildBamIndexWithSamtools/d0fc835e-d187-4f57-8e42-a03483bdcd42/call-SamtoolsIndex/glob-6efbc60cb1e0959bab4e467327a9416c/HG02561.mapped.ILLUMINA.bwa.GWD.low_coverage.20121211.bam.bai	HG02561
0d84b43a-7efa-4fef-9114-472b1a90acec	/bam_files/NA20884.mapped.ILLUMINA.bwa.GIH.low_coverage.20120522.bam	drs://data.terra.bio/v1_c0dc283d-adad-4614-9f6c-1e101dd9b443_45ff0138-ed08-4eb2-a17b-e34d4b640a0f	gs://fc-9db09784-fa15-41bb-80f3-28fbc05c715a/76515963-195a-40d9-9d52-89eed542c9a5/BuildBamIndexWithSamtools/fc2813a2-b2ff-47ba-b69f-74fd054cb105/call-SamtoolsIndex/glob-6efbc60cb1e0959bab4e467327a9416c/NA20884.mapped.ILLUMINA.bwa.GIH.low_coverage.20120522.bam.bai	NA20884
0d90c693-1da4-4470-928a-92f58664b142	/bam_files/HG02219.mapped.ILLUMINA.bwa.IBS.low_coverage.20130415.bam	drs://data.terra.bio/v1_c0dc283d-adad-4614-9f6c-1e101dd9b443_917ccfe7-060f-46f7-abde-83f3fe4acee4	gs://fc-9db09784-fa15-41bb-80f3-28fbc05c715a/76515963-195a-40d9-9d52-89eed542c9a5/BuildBamIndexWithSamtools/6bdec324-5013-4659-935d-af848cc37246/call-SamtoolsIndex/glob-6efbc60cb1e0959bab4e467327a9416c/HG02219.mapped.ILLUMINA.bwa.IBS.low_coverage.20130415.bam.bai	HG02219
0d98c555-da67-432b-9a0c-86a27f82f84d	/bam_files/NA19129.mapped.ILLUMINA.bwa.YRI.low_coverage.20130415.bam	drs://data.terra.bio/v1_c0dc283d-adad-4614-9f6c-1e101dd9b443_d0710569-2f9c-4440-a11d-2a8aad86a043	gs://fc-9db09784-fa15-41bb-80f3-28fbc05c715a/76515963-195a-40d9-9d52-89eed542c9a5/BuildBamIndexWithSamtools/faf98047-fced-4d92-9cf3-86d66b69260b/call-SamtoolsIndex/glob-6efbc60cb1e0959bab4e467327a9416c/NA19129.mapped.ILLUMINA.bwa.YRI.low_coverage.20130415.bam.bai	NA19129
0dca1991-5f64-42ab-a900-553be4959385	/bam_files/HG02851.mapped.ILLUMINA.bwa.GWD.low_coverage.20121211.bam	drs://data.terra.bio/v1_c0dc283d-adad-4614-9f6c-1e101dd9b443_5d246762-5dbf-4fe2-b721-e66ec7e0d9af	gs://fc-9db09784-fa15-41bb-80f3-28fbc05c715a/76515963-195a-40d9-9d52-89eed542c9a5/BuildBamIndexWithSamtools/c29bfa91-29b0-4403-92aa-3573e8ac14d2/call-SamtoolsIndex/glob-6efbc60cb1e0959bab4e467327a9416c/HG02851.mapped.ILLUMINA.bwa.GWD.low_coverage.20121211.bam.bai	HG02851
0dcc9bb2-c1cf-4f74-b021-da154aea90be	/bam_files/HG01359.mapped.ILLUMINA.bwa.CLM.low_coverage.20120522.bam	drs://data.terra.bio/v1_c0dc283d-adad-4614-9f6c-1e101dd9b443_deb5d769-3c25-4ce1-997e-942dfd91bdaf	gs://fc-9db09784-fa15-41bb-80f3-28fbc05c715a/76515963-195a-40d9-9d52-89eed542c9a5/BuildBamIndexWithSamtools/fdc177ca-2a74-4d18-a57a-33399096d7bc/call-SamtoolsIndex/glob-6efbc60cb1e0959bab4e467327a9416c/HG01359.mapped.ILLUMINA.bwa.CLM.low_coverage.20120522.bam.bai	HG01359
0de65be4-a460-4257-8778-abd5725c5009	/bam_files/NA20294.mapped.ILLUMINA.bwa.ASW.low_coverage.20120522.bam	drs://data.terra.bio/v1_c0dc283d-adad-4614-9f6c-1e101dd9b443_e20def7f-6b0a-423c-bbc5-ad55ee50357c	gs://fc-9db09784-fa15-41bb-80f3-28fbc05c715a/76515963-195a-40d9-9d52-89eed542c9a5/BuildBamIndexWithSamtools/55b061c9-e52b-4390-8eca-103792ae1414/call-SamtoolsIndex/glob-6efbc60cb1e0959bab4e467327a9416c/NA20294.mapped.ILLUMINA.bwa.ASW.low_coverage.20120522.bam.bai	NA20294
0e128035-23d8-4b7f-b2da-8cbf84df82c5	/bam_files/HG01983.mapped.ILLUMINA.bwa.PEL.low_coverage.20120522.bam	drs://data.terra.bio/v1_c0dc283d-adad-4614-9f6c-1e101dd9b443_b2e5dca7-6301-46dc-a779-3036a17fb121	gs://fc-9db09784-fa15-41bb-80f3-28fbc05c715a/76515963-195a-40d9-9d52-89eed542c9a5/BuildBamIndexWithSamtools/bb4b0fc9-048c-45ea-a1f0-a5414cdfb1ac/call-SamtoolsIndex/glob-6efbc60cb1e0959bab4e467327a9416c/HG01983.mapped.ILLUMINA.bwa.PEL.low_coverage.20120522.bam.bai	HG01983
0e1c92d9-d834-4165-865c-583aa917fde4	/bam_files/HG03663.mapped.ILLUMINA.bwa.PJL.low_coverage.20130502.bam	drs://data.terra.bio/v1_c0dc283d-adad-4614-9f6c-1e101dd9b443_c28790f9-e9ff-4d52-b8b3-e269690abc70	gs://fc-9db09784-fa15-41bb-80f3-28fbc05c715a/76515963-195a-40d9-9d52-89eed542c9a5/BuildBamIndexWithSamtools/c4d08a9d-0faf-4b78-aff0-28eeefd429ed/call-SamtoolsIndex/glob-6efbc60cb1e0959bab4e467327a9416c/HG03663.mapped.ILLUMINA.bwa.PJL.low_coverage.20130502.bam.bai	HG03663
0e20c5c5-02ab-4116-abf0-bce21635e7dc	/bam_files/HG03258.mapped.ILLUMINA.bwa.GWD.low_coverage.20121211.bam	drs://data.terra.bio/v1_c0dc283d-adad-4614-9f6c-1e101dd9b443_f038b95a-a3ba-4343-ba5b-2f309b077ddb	gs://fc-9db09784-fa15-41bb-80f3-28fbc05c715a/76515963-195a-40d9-9d52-89eed542c9a5/BuildBamIndexWithSamtools/b1d94132-3cca-452f-86e5-2ab1906ecbe2/call-SamtoolsIndex/glob-6efbc60cb1e0959bab4e467327a9416c/HG03258.mapped.ILLUMINA.bwa.GWD.low_coverage.20121211.bam.bai	HG03258
0e26d145-9e72-4278-b423-0539e1d94fa8	/bam_files/NA20904.mapped.ILLUMINA.bwa.GIH.low_coverage.20120522.bam	drs://data.terra.bio/v1_c0dc283d-adad-4614-9f6c-1e101dd9b443_b5d342f9-b149-4f44-80c7-e4017b7ebf6d	gs://fc-9db09784-fa15-41bb-80f3-28fbc05c715a/76515963-195a-40d9-9d52-89eed542c9a5/BuildBamIndexWithSamtools/621e1787-151f-4c3a-a35d-f42904040c84/call-SamtoolsIndex/glob-6efbc60cb1e0959bab4e467327a9416c/NA20904.mapped.ILLUMINA.bwa.GIH.low_coverage.20120522.bam.bai	NA20904
0e48b80b-192f-4478-88f9-b7b401752779	/bam_files/HG02476.mapped.ILLUMINA.bwa.ACB.low_coverage.20121211.bam	drs://data.terra.bio/v1_c0dc283d-adad-4614-9f6c-1e101dd9b443_fe17e1d7-a141-42d0-8c03-0233ec5e5eea	gs://fc-9db09784-fa15-41bb-80f3-28fbc05c715a/76515963-195a-40d9-9d52-89eed542c9a5/BuildBamIndexWithSamtools/661c9a47-5e78-46bb-9f43-6b9da6b99153/call-SamtoolsIndex/glob-6efbc60cb1e0959bab4e467327a9416c/HG02476.mapped.ILLUMINA.bwa.ACB.low_coverage.20121211.bam.bai	HG02476
0e4d2541-5f65-4d30-ae9b-c6964b8c3324	/bam_files/HG03458.mapped.ILLUMINA.bwa.MSL.low_coverage.20121211.bam	drs://data.terra.bio/v1_c0dc283d-adad-4614-9f6c-1e101dd9b443_8d7f2df6-6c83-494b-89c0-8c3e43c3fbb5	gs://fc-9db09784-fa15-41bb-80f3-28fbc05c715a/76515963-195a-40d9-9d52-89eed542c9a5/BuildBamIndexWithSamtools/fefce361-4c25-4ce6-9150-af946c9ad196/call-SamtoolsIndex/glob-6efbc60cb1e0959bab4e467327a9416c/HG03458.mapped.ILLUMINA.bwa.MSL.low_coverage.20121211.bam.bai	HG03458
0e5fe9a7-8f60-49ea-bb61-0a0d7f62123c	/bam_files/HG01873.mapped.ILLUMINA.bwa.KHV.low_coverage.20120522.bam	drs://data.terra.bio/v1_c0dc283d-adad-4614-9f6c-1e101dd9b443_74dad7f4-09e0-4ef1-b6f1-363725891f6c	gs://fc-9db09784-fa15-41bb-80f3-28fbc05c715a/76515963-195a-40d9-9d52-89eed542c9a5/BuildBamIndexWithSamtools/2e60f40c-a804-46e1-a23a-b40a82f6b312/call-SamtoolsIndex/glob-6efbc60cb1e0959bab4e467327a9416c/HG01873.mapped.ILLUMINA.bwa.KHV.low_coverage.20120522.bam.bai	HG01873
0e691cbd-042c-468a-92e3-590bf0179043	/bam_files/NA20882.mapped.ILLUMINA.bwa.GIH.low_coverage.20120522.bam	drs://data.terra.bio/v1_c0dc283d-adad-4614-9f6c-1e101dd9b443_d0d3f97d-1e93-41c5-b12f-1278e3f3881f	gs://fc-9db09784-fa15-41bb-80f3-28fbc05c715a/76515963-195a-40d9-9d52-89eed542c9a5/BuildBamIndexWithSamtools/4d022f84-7861-43d8-825b-99649d54bcdb/call-SamtoolsIndex/glob-6efbc60cb1e0959bab4e467327a9416c/NA20882.mapped.ILLUMINA.bwa.GIH.low_coverage.20120522.bam.bai	NA20882
0e8cd680-d0db-4e71-9e82-27ad69dee1da	/bam_files/NA20526.mapped.ILLUMINA.bwa.TSI.low_coverage.20130415.bam	drs://data.terra.bio/v1_c0dc283d-adad-4614-9f6c-1e101dd9b443_3c5f66c5-3b2d-40ff-9d03-b6a7d40b8682	gs://fc-9db09784-fa15-41bb-80f3-28fbc05c715a/76515963-195a-40d9-9d52-89eed542c9a5/BuildBamIndexWithSamtools/e2721caf-e618-499f-8265-0c4f8115cce2/call-SamtoolsIndex/glob-6efbc60cb1e0959bab4e467327a9416c/NA20526.mapped.ILLUMINA.bwa.TSI.low_coverage.20130415.bam.bai	NA20526
0eca0425-8389-4d6e-ba84-95e056e13488	/bam_files/HG03772.mapped.ILLUMINA.bwa.ITU.low_coverage.20130415.bam	drs://data.terra.bio/v1_c0dc283d-adad-4614-9f6c-1e101dd9b443_2da1fdeb-e50d-422e-ac4e-0b2a5d01b582	gs://fc-9db09784-fa15-41bb-80f3-28fbc05c715a/76515963-195a-40d9-9d52-89eed542c9a5/BuildBamIndexWithSamtools/3513c820-1e2b-4989-b8c5-f8d9469982ef/call-SamtoolsIndex/attempt-2/glob-6efbc60cb1e0959bab4e467327a9416c/HG03772.mapped.ILLUMINA.bwa.ITU.low_coverage.20130415.bam.bai	HG03772
0ed70eb9-c3b6-4312-936e-7031a64b728e	/bam_files/HG02277.mapped.ILLUMINA.bwa.PEL.low_coverage.20130415.bam	drs://data.terra.bio/v1_c0dc283d-adad-4614-9f6c-1e101dd9b443_a48a6c17-3010-4933-8cd9-7c74a968ae23	gs://fc-9db09784-fa15-41bb-80f3-28fbc05c715a/76515963-195a-40d9-9d52-89eed542c9a5/BuildBamIndexWithSamtools/41844378-8d82-4c7b-9319-22cb1284e666/call-SamtoolsIndex/glob-6efbc60cb1e0959bab4e467327a9416c/HG02277.mapped.ILLUMINA.bwa.PEL.low_coverage.20130415.bam.bai	HG02277
0ef887d3-2d46-4612-b03f-3b5eccdf34ba	/bam_files/NA19731.mapped.ILLUMINA.bwa.MXL.low_coverage.20120522.bam	drs://data.terra.bio/v1_c0dc283d-adad-4614-9f6c-1e101dd9b443_83c59cfe-477d-4391-a2b6-6943aedae7dd	gs://fc-9db09784-fa15-41bb-80f3-28fbc05c715a/76515963-195a-40d9-9d52-89eed542c9a5/BuildBamIndexWithSamtools/497b2873-3ec0-42a2-81e7-c2786252d8ca/call-SamtoolsIndex/glob-6efbc60cb1e0959bab4e467327a9416c/NA19731.mapped.ILLUMINA.bwa.MXL.low_coverage.20120522.bam.bai	NA19731
0efde766-07d6-489c-986b-6fa2fa908b78	/bam_files/NA20314.mapped.ILLUMINA.bwa.ASW.low_coverage.20120522.bam	drs://data.terra.bio/v1_c0dc283d-adad-4614-9f6c-1e101dd9b443_d34c928e-d01d-40f7-9ce2-e3457776c9b0	gs://fc-9db09784-fa15-41bb-80f3-28fbc05c715a/76515963-195a-40d9-9d52-89eed542c9a5/BuildBamIndexWithSamtools/6153d071-b253-4103-ab05-69602e6dbf9a/call-SamtoolsIndex/glob-6efbc60cb1e0959bab4e467327a9416c/NA20314.mapped.ILLUMINA.bwa.ASW.low_coverage.20120522.bam.bai	NA20314
0f23bde1-2774-4a48-b8d0-f59303b75877	/bam_files/NA20886.mapped.ILLUMINA.bwa.GIH.low_coverage.20120522.bam	drs://data.terra.bio/v1_c0dc283d-adad-4614-9f6c-1e101dd9b443_11d8c1c9-9735-4643-ba10-0f2effad40b7	gs://fc-9db09784-fa15-41bb-80f3-28fbc05c715a/76515963-195a-40d9-9d52-89eed542c9a5/BuildBamIndexWithSamtools/f5d7b1a6-e95a-4f12-a4c4-c17c07315c19/call-SamtoolsIndex/attempt-2/glob-6efbc60cb1e0959bab4e467327a9416c/NA20886.mapped.ILLUMINA.bwa.GIH.low_coverage.20120522.bam.bai	NA20886
0f38ff67-64e0-4f84-8476-1d1ed50d316c	/bam_files/HG04061.mapped.ILLUMINA.bwa.ITU.low_coverage.20130415.bam	drs://data.terra.bio/v1_c0dc283d-adad-4614-9f6c-1e101dd9b443_fcbe479d-7ea8-47c9-b1c7-a5618f4a7a82	gs://fc-9db09784-fa15-41bb-80f3-28fbc05c715a/76515963-195a-40d9-9d52-89eed542c9a5/BuildBamIndexWithSamtools/e44fe6b7-ccda-49c0-a490-48ac4375fd9a/call-SamtoolsIndex/glob-6efbc60cb1e0959bab4e467327a9416c/HG04061.mapped.ILLUMINA.bwa.ITU.low_coverage.20130415.bam.bai	HG04061
0f420506-2f62-4924-82c9-12e0378694a3	/bam_files/HG02780.mapped.ILLUMINA.bwa.PJL.low_coverage.20130415.bam	drs://data.terra.bio/v1_c0dc283d-adad-4614-9f6c-1e101dd9b443_c94f0926-2796-43e5-823d-cb8c26ab4e10	gs://fc-9db09784-fa15-41bb-80f3-28fbc05c715a/76515963-195a-40d9-9d52-89eed542c9a5/BuildBamIndexWithSamtools/93f02fe6-dc62-44b8-a0a5-9d5233c31272/call-SamtoolsIndex/glob-6efbc60cb1e0959bab4e467327a9416c/HG02780.mapped.ILLUMINA.bwa.PJL.low_coverage.20130415.bam.bai	HG02780
0f500ee4-3ed0-4dd5-9cdf-5cf40cb00b63	/bam_files/HG02252.mapped.ILLUMINA.bwa.PEL.low_coverage.20121211.bam	drs://data.terra.bio/v1_c0dc283d-adad-4614-9f6c-1e101dd9b443_858d7aeb-06f5-4ae4-b7d6-49141a042018	gs://fc-9db09784-fa15-41bb-80f3-28fbc05c715a/76515963-195a-40d9-9d52-89eed542c9a5/BuildBamIndexWithSamtools/b9959518-22c3-41c1-8b54-0c3c8c93039a/call-SamtoolsIndex/glob-6efbc60cb1e0959bab4e467327a9416c/HG02252.mapped.ILLUMINA.bwa.PEL.low_coverage.20121211.bam.bai	HG02252
0f597731-24a6-42fe-a653-6b40d828c9f7	/bam_files/HG03391.mapped.ILLUMINA.bwa.MSL.low_coverage.20121211.bam	drs://data.terra.bio/v1_c0dc283d-adad-4614-9f6c-1e101dd9b443_89cfa772-8049-4d68-99fd-f88ff9e152d6	gs://fc-9db09784-fa15-41bb-80f3-28fbc05c715a/76515963-195a-40d9-9d52-89eed542c9a5/BuildBamIndexWithSamtools/163e30aa-e64b-4305-a127-4d7440355564/call-SamtoolsIndex/glob-6efbc60cb1e0959bab4e467327a9416c/HG03391.mapped.ILLUMINA.bwa.MSL.low_coverage.20121211.bam.bai	HG03391
0f753444-2374-4988-ab18-4d02bde5c449	/bam_files/NA19777.mapped.ILLUMINA.bwa.MXL.low_coverage.20120522.bam	drs://data.terra.bio/v1_c0dc283d-adad-4614-9f6c-1e101dd9b443_bfabab0e-da17-4cf3-b2ec-b47c5f2dd9bd	gs://fc-9db09784-fa15-41bb-80f3-28fbc05c715a/76515963-195a-40d9-9d52-89eed542c9a5/BuildBamIndexWithSamtools/1f6b1ae3-a5b4-479b-a90b-633ac0427d71/call-SamtoolsIndex/glob-6efbc60cb1e0959bab4e467327a9416c/NA19777.mapped.ILLUMINA.bwa.MXL.low_coverage.20120522.bam.bai	NA19777
0f82f3e3-6dfe-42d9-abd8-40d8030b9205	/bam_files/NA20764.mapped.ILLUMINA.bwa.TSI.low_coverage.20130415.bam	drs://data.terra.bio/v1_c0dc283d-adad-4614-9f6c-1e101dd9b443_a255744c-7c9e-4e5e-8058-17908ba6e9fe	gs://fc-9db09784-fa15-41bb-80f3-28fbc05c715a/76515963-195a-40d9-9d52-89eed542c9a5/BuildBamIndexWithSamtools/e8646300-9697-4a74-bc84-1d44958ccf71/call-SamtoolsIndex/glob-6efbc60cb1e0959bab4e467327a9416c/NA20764.mapped.ILLUMINA.bwa.TSI.low_coverage.20130415.bam.bai	NA20764
0f833b39-facb-4660-a4dd-3d4a38bd9365	/bam_files/NA20299.mapped.ILLUMINA.bwa.ASW.low_coverage.20120522.bam	drs://data.terra.bio/v1_c0dc283d-adad-4614-9f6c-1e101dd9b443_7c411f99-7eba-443e-8928-6dbb4b454732	gs://fc-9db09784-fa15-41bb-80f3-28fbc05c715a/76515963-195a-40d9-9d52-89eed542c9a5/BuildBamIndexWithSamtools/56ff1fdf-397d-4c15-9764-04e87aa3d1ec/call-SamtoolsIndex/glob-6efbc60cb1e0959bab4e467327a9416c/NA20299.mapped.ILLUMINA.bwa.ASW.low_coverage.20120522.bam.bai	NA20299
0f87f164-9a3d-4c28-884c-418ca79950aa	/bam_files/NA19701.mapped.ILLUMINA.bwa.ASW.low_coverage.20120522.bam	drs://data.terra.bio/v1_c0dc283d-adad-4614-9f6c-1e101dd9b443_1b7f9b2f-c3f5-438c-8797-76c3c625f0ed	gs://fc-9db09784-fa15-41bb-80f3-28fbc05c715a/76515963-195a-40d9-9d52-89eed542c9a5/BuildBamIndexWithSamtools/c097b6db-2369-4ab9-aca6-e25d39d6c9ea/call-SamtoolsIndex/glob-6efbc60cb1e0959bab4e467327a9416c/NA19701.mapped.ILLUMINA.bwa.ASW.low_coverage.20120522.bam.bai	NA19701
0fe12a57-511b-4cfb-90dc-e9fc6c5a03f2	/bam_files/NA21103.mapped.ILLUMINA.bwa.GIH.low_coverage.20120522.bam	drs://data.terra.bio/v1_c0dc283d-adad-4614-9f6c-1e101dd9b443_75bbb666-4418-4778-97bb-f2603bbfc1c7	gs://fc-9db09784-fa15-41bb-80f3-28fbc05c715a/76515963-195a-40d9-9d52-89eed542c9a5/BuildBamIndexWithSamtools/5300095a-be18-4a3b-8a23-f38c1cd98614/call-SamtoolsIndex/glob-6efbc60cb1e0959bab4e467327a9416c/NA21103.mapped.ILLUMINA.bwa.GIH.low_coverage.20120522.bam.bai	NA21103
0ffa1916-edab-4c72-ac16-512f974f1725	/bam_files/HG01405.mapped.ILLUMINA.bwa.PUR.low_coverage.20130502.bam	drs://data.terra.bio/v1_c0dc283d-adad-4614-9f6c-1e101dd9b443_366f9677-1d9d-411e-9917-319702bad682	gs://fc-9db09784-fa15-41bb-80f3-28fbc05c715a/76515963-195a-40d9-9d52-89eed542c9a5/BuildBamIndexWithSamtools/644cdd45-940a-436f-a475-f17916ad55e4/call-SamtoolsIndex/glob-6efbc60cb1e0959bab4e467327a9416c/HG01405.mapped.ILLUMINA.bwa.PUR.low_coverage.20130502.bam.bai	HG01405
0ffaa69f-796e-4615-a9c1-a911f27a6a6c	/bam_files/HG00598.mapped.ILLUMINA.bwa.CHS.low_coverage.20121211.bam	drs://data.terra.bio/v1_c0dc283d-adad-4614-9f6c-1e101dd9b443_1b6fd30d-b02c-4acb-8db2-f525b6e5a119	gs://fc-9db09784-fa15-41bb-80f3-28fbc05c715a/76515963-195a-40d9-9d52-89eed542c9a5/BuildBamIndexWithSamtools/965b20e1-9063-43e4-8a0b-86a4c8e2cadd/call-SamtoolsIndex/glob-6efbc60cb1e0959bab4e467327a9416c/HG00598.mapped.ILLUMINA.bwa.CHS.low_coverage.20121211.bam.bai	HG00598
1002115f-d3ab-4f98-b305-8763c2aac6dd	/bam_files/HG04140.mapped.ILLUMINA.bwa.BEB.low_coverage.20130415.bam	drs://data.terra.bio/v1_c0dc283d-adad-4614-9f6c-1e101dd9b443_9ca39783-0a45-47e8-913d-e6c457da78cc	gs://fc-9db09784-fa15-41bb-80f3-28fbc05c715a/76515963-195a-40d9-9d52-89eed542c9a5/BuildBamIndexWithSamtools/5aaaa373-2d92-4557-b3a1-8b6caa87e359/call-SamtoolsIndex/attempt-2/glob-6efbc60cb1e0959bab4e467327a9416c/HG04140.mapped.ILLUMINA.bwa.BEB.low_coverage.20130415.bam.bai	HG04140
10096617-5fd3-43c8-8c28-dbc156cb59c0	/bam_files/HG00181.mapped.ILLUMINA.bwa.FIN.low_coverage.20130415.bam	drs://data.terra.bio/v1_c0dc283d-adad-4614-9f6c-1e101dd9b443_43b172c6-8cee-4747-a6fc-b5349e208261	gs://fc-9db09784-fa15-41bb-80f3-28fbc05c715a/76515963-195a-40d9-9d52-89eed542c9a5/BuildBamIndexWithSamtools/07b43073-9b45-43bf-bb36-7a2b6ddaa202/call-SamtoolsIndex/glob-6efbc60cb1e0959bab4e467327a9416c/HG00181.mapped.ILLUMINA.bwa.FIN.low_coverage.20130415.bam.bai	HG00181
100f64f4-bc7c-41f7-9a43-a8a90cbb98fc	/bam_files/HG03738.mapped.ILLUMINA.bwa.STU.low_coverage.20121211.bam	drs://data.terra.bio/v1_c0dc283d-adad-4614-9f6c-1e101dd9b443_5c682368-87a8-492f-94ee-78d1f285558d	gs://fc-9db09784-fa15-41bb-80f3-28fbc05c715a/76515963-195a-40d9-9d52-89eed542c9a5/BuildBamIndexWithSamtools/d0a4fbfe-9420-4799-b18b-cd66ab132c92/call-SamtoolsIndex/glob-6efbc60cb1e0959bab4e467327a9416c/HG03738.mapped.ILLUMINA.bwa.STU.low_coverage.20121211.bam.bai	HG03738
101066e3-d2b6-4e3b-86e9-27b34a63551e	/bam_files/HG01070.mapped.ILLUMINA.bwa.PUR.low_coverage.20120522.bam	drs://data.terra.bio/v1_c0dc283d-adad-4614-9f6c-1e101dd9b443_9dd070e2-0d69-482d-be63-58d30200d9e6	gs://fc-9db09784-fa15-41bb-80f3-28fbc05c715a/76515963-195a-40d9-9d52-89eed542c9a5/BuildBamIndexWithSamtools/1fd4829d-7164-442d-8033-62bee0869ee3/call-SamtoolsIndex/glob-6efbc60cb1e0959bab4e467327a9416c/HG01070.mapped.ILLUMINA.bwa.PUR.low_coverage.20120522.bam.bai	HG01070
104e4e13-fc5a-4caf-972b-6fc8cee09f94	/bam_files/HG03786.mapped.ILLUMINA.bwa.ITU.low_coverage.20130415.bam	drs://data.terra.bio/v1_c0dc283d-adad-4614-9f6c-1e101dd9b443_82814951-da29-4d4e-999f-dd1ea37c8d14	gs://fc-9db09784-fa15-41bb-80f3-28fbc05c715a/76515963-195a-40d9-9d52-89eed542c9a5/BuildBamIndexWithSamtools/ef35e28c-94d2-420f-935d-f9745038aec6/call-SamtoolsIndex/glob-6efbc60cb1e0959bab4e467327a9416c/HG03786.mapped.ILLUMINA.bwa.ITU.low_coverage.20130415.bam.bai	HG03786
1050bf78-d2aa-4db0-a42f-ef3a776b4183	/bam_files/NA12287.mapped.ILLUMINA.bwa.CEU.low_coverage.20130415.bam	drs://data.terra.bio/v1_c0dc283d-adad-4614-9f6c-1e101dd9b443_6aaa292f-813b-4203-8b00-0b612b4b8672	gs://fc-9db09784-fa15-41bb-80f3-28fbc05c715a/76515963-195a-40d9-9d52-89eed542c9a5/BuildBamIndexWithSamtools/d27c67e5-d461-4d41-977a-05a4de2d5dc7/call-SamtoolsIndex/glob-6efbc60cb1e0959bab4e467327a9416c/NA12287.mapped.ILLUMINA.bwa.CEU.low_coverage.20130415.bam.bai	NA12287
105153c9-4a30-439c-9b75-d2256514f6d4	/bam_files/HG00475.mapped.ILLUMINA.bwa.CHS.low_coverage.20130415.bam	drs://data.terra.bio/v1_c0dc283d-adad-4614-9f6c-1e101dd9b443_3b589ee8-8789-43a4-b3ff-02d91cb2f205	gs://fc-9db09784-fa15-41bb-80f3-28fbc05c715a/76515963-195a-40d9-9d52-89eed542c9a5/BuildBamIndexWithSamtools/acfa2a69-3c1a-4a59-a4f8-3d581a093c3c/call-SamtoolsIndex/glob-6efbc60cb1e0959bab4e467327a9416c/HG00475.mapped.ILLUMINA.bwa.CHS.low_coverage.20130415.bam.bai	HG00475
1052f0ef-b96c-4ce1-ac39-4aab94fba65d	/bam_files/HG02084.mapped.ILLUMINA.bwa.KHV.low_coverage.20130415.bam	drs://data.terra.bio/v1_c0dc283d-adad-4614-9f6c-1e101dd9b443_b3aad66e-a599-4087-9b9c-e7e107136f99	gs://fc-9db09784-fa15-41bb-80f3-28fbc05c715a/76515963-195a-40d9-9d52-89eed542c9a5/BuildBamIndexWithSamtools/152e8d74-a8dc-4bee-93e9-1b810bdbf083/call-SamtoolsIndex/glob-6efbc60cb1e0959bab4e467327a9416c/HG02084.mapped.ILLUMINA.bwa.KHV.low_coverage.20130415.bam.bai	HG02084
108b40d1-d06f-4560-a33a-1ded67143ae1	/bam_files/NA20510.mapped.ILLUMINA.bwa.TSI.low_coverage.20130415.bam	drs://data.terra.bio/v1_c0dc283d-adad-4614-9f6c-1e101dd9b443_da4ccece-a14a-46a7-8cca-286dc77d510e	gs://fc-9db09784-fa15-41bb-80f3-28fbc05c715a/76515963-195a-40d9-9d52-89eed542c9a5/BuildBamIndexWithSamtools/e506ce54-ca35-419f-a5d8-1cb75f9ebefd/call-SamtoolsIndex/glob-6efbc60cb1e0959bab4e467327a9416c/NA20510.mapped.ILLUMINA.bwa.TSI.low_coverage.20130415.bam.bai	NA20510
10b159a0-6d5d-4443-9c40-cc77bf1aaa23	/bam_files/NA18592.mapped.ILLUMINA.bwa.CHB.low_coverage.20130415.bam	drs://data.terra.bio/v1_c0dc283d-adad-4614-9f6c-1e101dd9b443_161aef11-164e-4285-9a6d-318f5d6426c4	gs://fc-9db09784-fa15-41bb-80f3-28fbc05c715a/76515963-195a-40d9-9d52-89eed542c9a5/BuildBamIndexWithSamtools/8bd6f4bf-f337-49b9-8e6b-8a6253d2d722/call-SamtoolsIndex/glob-6efbc60cb1e0959bab4e467327a9416c/NA18592.mapped.ILLUMINA.bwa.CHB.low_coverage.20130415.bam.bai	NA18592
10c52fea-f1a1-4dc1-a694-35410768b1e0	/bam_files/HG03680.mapped.ILLUMINA.bwa.STU.low_coverage.20130415.bam	drs://data.terra.bio/v1_c0dc283d-adad-4614-9f6c-1e101dd9b443_889a28ca-0483-49b2-a69f-1676492fff68	gs://fc-9db09784-fa15-41bb-80f3-28fbc05c715a/76515963-195a-40d9-9d52-89eed542c9a5/BuildBamIndexWithSamtools/046438fb-a415-4ae3-8d79-42df2d16af06/call-SamtoolsIndex/glob-6efbc60cb1e0959bab4e467327a9416c/HG03680.mapped.ILLUMINA.bwa.STU.low_coverage.20130415.bam.bai	HG03680
10c81e82-7a13-4b5f-b8c9-ef154a50c77e	/bam_files/HG03653.mapped.ILLUMINA.bwa.PJL.low_coverage.20130415.bam	drs://data.terra.bio/v1_c0dc283d-adad-4614-9f6c-1e101dd9b443_de041cd2-0306-4145-8b8d-2f03b235949c	gs://fc-9db09784-fa15-41bb-80f3-28fbc05c715a/76515963-195a-40d9-9d52-89eed542c9a5/BuildBamIndexWithSamtools/94f69d75-ec05-4360-bc7d-a27f35c18401/call-SamtoolsIndex/glob-6efbc60cb1e0959bab4e467327a9416c/HG03653.mapped.ILLUMINA.bwa.PJL.low_coverage.20130415.bam.bai	HG03653
10cec5c2-e2bd-47c3-bbfc-2115f2ddc3d3	/bam_files/HG00436.mapped.ILLUMINA.bwa.CHS.low_coverage.20120522.bam	drs://data.terra.bio/v1_c0dc283d-adad-4614-9f6c-1e101dd9b443_52d9551f-d400-4842-a0bc-51a521c6768a	gs://fc-9db09784-fa15-41bb-80f3-28fbc05c715a/76515963-195a-40d9-9d52-89eed542c9a5/BuildBamIndexWithSamtools/15626a60-437e-46b0-a7e1-5fba47d28880/call-SamtoolsIndex/glob-6efbc60cb1e0959bab4e467327a9416c/HG00436.mapped.ILLUMINA.bwa.CHS.low_coverage.20120522.bam.bai	HG00436
10eb3ce8-0cba-47dc-bf65-be84960f88ad	/bam_files/NA19448.mapped.ILLUMINA.bwa.LWK.low_coverage.20120522.bam	drs://data.terra.bio/v1_c0dc283d-adad-4614-9f6c-1e101dd9b443_89ca063a-5f05-4dea-8bd6-22c566bc3b12	gs://fc-9db09784-fa15-41bb-80f3-28fbc05c715a/76515963-195a-40d9-9d52-89eed542c9a5/BuildBamIndexWithSamtools/7c564061-04fb-425c-8232-979b0a3ac455/call-SamtoolsIndex/glob-6efbc60cb1e0959bab4e467327a9416c/NA19448.mapped.ILLUMINA.bwa.LWK.low_coverage.20120522.bam.bai	NA19448
1115a224-9b3b-4e6a-819b-fe188dc1019f	/bam_files/HG03209.mapped.ILLUMINA.bwa.MSL.low_coverage.20121211.bam	drs://data.terra.bio/v1_c0dc283d-adad-4614-9f6c-1e101dd9b443_2f012f99-04fa-4eaa-8f3c-cc20ea83ae8e	gs://fc-9db09784-fa15-41bb-80f3-28fbc05c715a/76515963-195a-40d9-9d52-89eed542c9a5/BuildBamIndexWithSamtools/d526fc24-a088-4cab-a2bd-80e21cd1d3f9/call-SamtoolsIndex/glob-6efbc60cb1e0959bab4e467327a9416c/HG03209.mapped.ILLUMINA.bwa.MSL.low_coverage.20121211.bam.bai	HG03209
1133f116-ccf1-47f3-bdc6-31f3304d6fc7	/bam_files/HG02141.mapped.ILLUMINA.bwa.KHV.low_coverage.20130415.bam	drs://data.terra.bio/v1_c0dc283d-adad-4614-9f6c-1e101dd9b443_a0e746ce-eb29-4677-9b19-48718603c881	gs://fc-9db09784-fa15-41bb-80f3-28fbc05c715a/76515963-195a-40d9-9d52-89eed542c9a5/BuildBamIndexWithSamtools/a86d7911-e42d-4834-a57d-cdadf28ee002/call-SamtoolsIndex/glob-6efbc60cb1e0959bab4e467327a9416c/HG02141.mapped.ILLUMINA.bwa.KHV.low_coverage.20130415.bam.bai	HG02141
1136b93e-05d1-49f3-a198-87570dfe3e8f	/bam_files/HG00268.mapped.ILLUMINA.bwa.FIN.low_coverage.20130415.bam	drs://data.terra.bio/v1_c0dc283d-adad-4614-9f6c-1e101dd9b443_c81dfa0d-e635-4825-9a5a-5ddbec28346d	gs://fc-9db09784-fa15-41bb-80f3-28fbc05c715a/76515963-195a-40d9-9d52-89eed542c9a5/BuildBamIndexWithSamtools/0ebeb06a-e59b-4b5f-b4e9-a13159a8a669/call-SamtoolsIndex/glob-6efbc60cb1e0959bab4e467327a9416c/HG00268.mapped.ILLUMINA.bwa.FIN.low_coverage.20130415.bam.bai	HG00268
1165b057-0b4c-42c7-b180-1671778d2618	/bam_files/NA19467.mapped.ILLUMINA.bwa.LWK.low_coverage.20120522.bam	drs://data.terra.bio/v1_c0dc283d-adad-4614-9f6c-1e101dd9b443_aff11619-7dfd-4a06-a73b-9ceb469bbcbd	gs://fc-9db09784-fa15-41bb-80f3-28fbc05c715a/76515963-195a-40d9-9d52-89eed542c9a5/BuildBamIndexWithSamtools/4ec08167-cf7f-4422-bce4-d6ab7e27e0d3/call-SamtoolsIndex/glob-6efbc60cb1e0959bab4e467327a9416c/NA19467.mapped.ILLUMINA.bwa.LWK.low_coverage.20120522.bam.bai	NA19467
1232aac1-097b-44ea-b656-93267c789db1	/bam_files/HG03382.mapped.ILLUMINA.bwa.MSL.low_coverage.20130415.bam	drs://data.terra.bio/v1_c0dc283d-adad-4614-9f6c-1e101dd9b443_f18ce86b-af52-4923-b58f-e1719827791a	gs://fc-9db09784-fa15-41bb-80f3-28fbc05c715a/76515963-195a-40d9-9d52-89eed542c9a5/BuildBamIndexWithSamtools/1b2124c2-6886-4b26-9444-2079895774e7/call-SamtoolsIndex/glob-6efbc60cb1e0959bab4e467327a9416c/HG03382.mapped.ILLUMINA.bwa.MSL.low_coverage.20130415.bam.bai	HG03382
123407bc-6aa5-4221-a37c-8f08a4f3fb8d	/bam_files/NA19206.mapped.ILLUMINA.bwa.YRI.low_coverage.20130415.bam	drs://data.terra.bio/v1_c0dc283d-adad-4614-9f6c-1e101dd9b443_17108212-e069-420c-bcc2-f6b186a1d099	gs://fc-9db09784-fa15-41bb-80f3-28fbc05c715a/76515963-195a-40d9-9d52-89eed542c9a5/BuildBamIndexWithSamtools/4598fea8-1298-4db0-b9cf-5c8ce951d07b/call-SamtoolsIndex/glob-6efbc60cb1e0959bab4e467327a9416c/NA19206.mapped.ILLUMINA.bwa.YRI.low_coverage.20130415.bam.bai	NA19206
12740c5b-329b-4234-9605-24c8f4ef52c0	/bam_files/HG03016.mapped.ILLUMINA.bwa.PJL.low_coverage.20130415.bam	drs://data.terra.bio/v1_c0dc283d-adad-4614-9f6c-1e101dd9b443_5b747757-c7ef-46c4-aa36-2f0a3a59c6fe	gs://fc-9db09784-fa15-41bb-80f3-28fbc05c715a/76515963-195a-40d9-9d52-89eed542c9a5/BuildBamIndexWithSamtools/710c33a1-e98b-43e4-9dca-832c6ab31ab6/call-SamtoolsIndex/glob-6efbc60cb1e0959bab4e467327a9416c/HG03016.mapped.ILLUMINA.bwa.PJL.low_coverage.20130415.bam.bai	HG03016
129b1492-ed60-4c42-9531-b23c12aa27d1	/bam_files/HG02312.mapped.ILLUMINA.bwa.PEL.low_coverage.20130415.bam	drs://data.terra.bio/v1_c0dc283d-adad-4614-9f6c-1e101dd9b443_7b6577ba-9d10-4bd3-ae0b-aa9d924044a9	gs://fc-9db09784-fa15-41bb-80f3-28fbc05c715a/76515963-195a-40d9-9d52-89eed542c9a5/BuildBamIndexWithSamtools/6f8c26b5-a995-4de5-84a5-1ca9637f1b38/call-SamtoolsIndex/glob-6efbc60cb1e0959bab4e467327a9416c/HG02312.mapped.ILLUMINA.bwa.PEL.low_coverage.20130415.bam.bai	HG02312
12a31c60-dca6-4b5f-a710-bd93d59e7ea5	/bam_files/HG00478.mapped.ILLUMINA.bwa.CHS.low_coverage.20130415.bam	drs://data.terra.bio/v1_c0dc283d-adad-4614-9f6c-1e101dd9b443_ee48c821-fa89-4efd-8524-1a60cb638a5b	gs://fc-9db09784-fa15-41bb-80f3-28fbc05c715a/76515963-195a-40d9-9d52-89eed542c9a5/BuildBamIndexWithSamtools/0b3c7fd5-3991-42fc-a1f9-e881dc630543/call-SamtoolsIndex/glob-6efbc60cb1e0959bab4e467327a9416c/HG00478.mapped.ILLUMINA.bwa.CHS.low_coverage.20130415.bam.bai	HG00478
12a36083-05b9-40c5-8571-cec76819bc95	/bam_files/HG01756.mapped.ILLUMINA.bwa.IBS.low_coverage.20120522.bam	drs://data.terra.bio/v1_c0dc283d-adad-4614-9f6c-1e101dd9b443_dc5c980a-678b-4ba7-8584-efb655c4db0e	gs://fc-9db09784-fa15-41bb-80f3-28fbc05c715a/76515963-195a-40d9-9d52-89eed542c9a5/BuildBamIndexWithSamtools/33575a85-c582-4786-843e-b0a735d21122/call-SamtoolsIndex/glob-6efbc60cb1e0959bab4e467327a9416c/HG01756.mapped.ILLUMINA.bwa.IBS.low_coverage.20120522.bam.bai	HG01756
12c241df-d38d-4edc-8f4b-55864b349096	/bam_files/HG00380.mapped.ILLUMINA.bwa.FIN.low_coverage.20120522.bam	drs://data.terra.bio/v1_c0dc283d-adad-4614-9f6c-1e101dd9b443_2631aafe-6a8a-4990-a6b7-afd6e97763c7	gs://fc-9db09784-fa15-41bb-80f3-28fbc05c715a/76515963-195a-40d9-9d52-89eed542c9a5/BuildBamIndexWithSamtools/12ff011c-6553-430f-accc-c3d9cf3c6207/call-SamtoolsIndex/glob-6efbc60cb1e0959bab4e467327a9416c/HG00380.mapped.ILLUMINA.bwa.FIN.low_coverage.20120522.bam.bai	HG00380
12c3201c-b9be-48a4-a5c0-9f1b794a1e42	/bam_files/HG02014.mapped.ILLUMINA.bwa.ACB.low_coverage.20120522.bam	drs://data.terra.bio/v1_c0dc283d-adad-4614-9f6c-1e101dd9b443_5ef75ef3-8847-4052-9a91-8f53b5e08f88	gs://fc-9db09784-fa15-41bb-80f3-28fbc05c715a/76515963-195a-40d9-9d52-89eed542c9a5/BuildBamIndexWithSamtools/c6079b48-95d9-430f-af69-e892e7be6270/call-SamtoolsIndex/glob-6efbc60cb1e0959bab4e467327a9416c/HG02014.mapped.ILLUMINA.bwa.ACB.low_coverage.20120522.bam.bai	HG02014
12d599a9-2af7-4656-9438-a708ed5a6159	/bam_files/HG00684.mapped.ILLUMINA.bwa.CHS.low_coverage.20120522.bam	drs://data.terra.bio/v1_c0dc283d-adad-4614-9f6c-1e101dd9b443_150e3e3d-1098-48ff-b63e-52e84235fdd3	gs://fc-9db09784-fa15-41bb-80f3-28fbc05c715a/76515963-195a-40d9-9d52-89eed542c9a5/BuildBamIndexWithSamtools/7649812e-d527-4269-a87b-dbfee8296771/call-SamtoolsIndex/glob-6efbc60cb1e0959bab4e467327a9416c/HG00684.mapped.ILLUMINA.bwa.CHS.low_coverage.20120522.bam.bai	HG00684
12e4c6da-27c9-4883-82b8-373b0ddcd306	/bam_files/NA19067.mapped.ILLUMINA.bwa.JPT.low_coverage.20120522.bam	drs://data.terra.bio/v1_c0dc283d-adad-4614-9f6c-1e101dd9b443_f0add68a-f931-46c9-8b05-c882e44d5fb8	gs://fc-9db09784-fa15-41bb-80f3-28fbc05c715a/76515963-195a-40d9-9d52-89eed542c9a5/BuildBamIndexWithSamtools/32028473-27fd-4d8f-8502-24a5de520ee3/call-SamtoolsIndex/glob-6efbc60cb1e0959bab4e467327a9416c/NA19067.mapped.ILLUMINA.bwa.JPT.low_coverage.20120522.bam.bai	NA19067
131934e3-1765-4850-90f6-aa37890ee0d6	/bam_files/HG00353.mapped.ILLUMINA.bwa.FIN.low_coverage.20130415.bam	drs://data.terra.bio/v1_c0dc283d-adad-4614-9f6c-1e101dd9b443_5f4450cb-2304-4b69-bfe3-6d888aff8581	gs://fc-9db09784-fa15-41bb-80f3-28fbc05c715a/76515963-195a-40d9-9d52-89eed542c9a5/BuildBamIndexWithSamtools/ea500390-9434-47bb-95a7-5d950cb8937f/call-SamtoolsIndex/attempt-2/glob-6efbc60cb1e0959bab4e467327a9416c/HG00353.mapped.ILLUMINA.bwa.FIN.low_coverage.20130415.bam.bai	HG00353
13218ae9-b337-4e4b-aa42-4ed485674ec6	/bam_files/NA19023.mapped.ILLUMINA.bwa.LWK.low_coverage.20121211.bam	drs://data.terra.bio/v1_c0dc283d-adad-4614-9f6c-1e101dd9b443_b280e0ff-c6d6-4925-8f77-80d99e1349e6	gs://fc-9db09784-fa15-41bb-80f3-28fbc05c715a/76515963-195a-40d9-9d52-89eed542c9a5/BuildBamIndexWithSamtools/627c51c1-7605-4681-98c0-9b15ff9cc2c1/call-SamtoolsIndex/glob-6efbc60cb1e0959bab4e467327a9416c/NA19023.mapped.ILLUMINA.bwa.LWK.low_coverage.20121211.bam.bai	NA19023
133a2dff-5165-4119-8ca1-8e35a872082a	/bam_files/HG00473.mapped.ILLUMINA.bwa.CHS.low_coverage.20130415.bam	drs://data.terra.bio/v1_c0dc283d-adad-4614-9f6c-1e101dd9b443_08029901-c13a-474a-9325-b6b4dadfbea0	gs://fc-9db09784-fa15-41bb-80f3-28fbc05c715a/76515963-195a-40d9-9d52-89eed542c9a5/BuildBamIndexWithSamtools/56cca476-c75f-4ea0-8300-50f0bd89325f/call-SamtoolsIndex/glob-6efbc60cb1e0959bab4e467327a9416c/HG00473.mapped.ILLUMINA.bwa.CHS.low_coverage.20130415.bam.bai	HG00473
135470a3-9973-4d67-b6c5-fe6b0bfd6336	/bam_files/HG00620.mapped.ILLUMINA.bwa.CHS.low_coverage.20120522.bam	drs://data.terra.bio/v1_c0dc283d-adad-4614-9f6c-1e101dd9b443_4ef7bf36-9d24-40fc-a845-aa5b7534cbe9	gs://fc-9db09784-fa15-41bb-80f3-28fbc05c715a/76515963-195a-40d9-9d52-89eed542c9a5/BuildBamIndexWithSamtools/09edc032-2cf5-4756-b31d-204c2209555e/call-SamtoolsIndex/glob-6efbc60cb1e0959bab4e467327a9416c/HG00620.mapped.ILLUMINA.bwa.CHS.low_coverage.20120522.bam.bai	HG00620
135fd8cc-0b05-4eec-8459-9092a67d4f52	/bam_files/HG01509.mapped.ILLUMINA.bwa.IBS.low_coverage.20130422.bam	drs://data.terra.bio/v1_c0dc283d-adad-4614-9f6c-1e101dd9b443_04c4a17e-f3e8-47fb-aa94-5ce8f1045536	gs://fc-9db09784-fa15-41bb-80f3-28fbc05c715a/76515963-195a-40d9-9d52-89eed542c9a5/BuildBamIndexWithSamtools/cb59b5bc-e33d-402c-82f3-7a89ca746a81/call-SamtoolsIndex/glob-6efbc60cb1e0959bab4e467327a9416c/HG01509.mapped.ILLUMINA.bwa.IBS.low_coverage.20130422.bam.bai	HG01509
1371757e-b61c-45f3-bddc-b85744b1f670	/bam_files/HG00656.mapped.ILLUMINA.bwa.CHS.low_coverage.20120522.bam	drs://data.terra.bio/v1_c0dc283d-adad-4614-9f6c-1e101dd9b443_330dd245-e20c-4b3e-901a-eefe819b31ca	gs://fc-9db09784-fa15-41bb-80f3-28fbc05c715a/76515963-195a-40d9-9d52-89eed542c9a5/BuildBamIndexWithSamtools/0adb8aa4-07f2-48e8-8900-3a18dfb3694c/call-SamtoolsIndex/glob-6efbc60cb1e0959bab4e467327a9416c/HG00656.mapped.ILLUMINA.bwa.CHS.low_coverage.20120522.bam.bai	HG00656
13898086-7f84-4b88-af4a-2d0d7fd27d5c	/bam_files/NA18582.mapped.ILLUMINA.bwa.CHB.low_coverage.20130415.bam	drs://data.terra.bio/v1_c0dc283d-adad-4614-9f6c-1e101dd9b443_7b694b9b-d170-4871-a2ac-41215726e900	gs://fc-9db09784-fa15-41bb-80f3-28fbc05c715a/76515963-195a-40d9-9d52-89eed542c9a5/BuildBamIndexWithSamtools/06927b48-2af5-4016-9681-40d3f3881e34/call-SamtoolsIndex/glob-6efbc60cb1e0959bab4e467327a9416c/NA18582.mapped.ILLUMINA.bwa.CHB.low_coverage.20130415.bam.bai	NA18582
13a0d7a0-9485-4ff5-b906-cf255a2e6f58	/bam_files/HG03196.mapped.ILLUMINA.bwa.ESN.low_coverage.20121211.bam	drs://data.terra.bio/v1_c0dc283d-adad-4614-9f6c-1e101dd9b443_a2b5b2be-e6fe-4bbf-8055-6397a313159a	gs://fc-9db09784-fa15-41bb-80f3-28fbc05c715a/76515963-195a-40d9-9d52-89eed542c9a5/BuildBamIndexWithSamtools/5f988dca-d23e-499a-ad9f-957ed0ce75c3/call-SamtoolsIndex/glob-6efbc60cb1e0959bab4e467327a9416c/HG03196.mapped.ILLUMINA.bwa.ESN.low_coverage.20121211.bam.bai	HG03196
13b61a23-07c8-4d73-93f6-07bdc904fd08	/bam_files/HG01598.mapped.ILLUMINA.bwa.KHV.low_coverage.20120522.bam	drs://data.terra.bio/v1_c0dc283d-adad-4614-9f6c-1e101dd9b443_dd6de638-51aa-4bda-b8ba-39187c3554b9	gs://fc-9db09784-fa15-41bb-80f3-28fbc05c715a/76515963-195a-40d9-9d52-89eed542c9a5/BuildBamIndexWithSamtools/3fac6a86-95a8-4284-8704-610c093a134d/call-SamtoolsIndex/glob-6efbc60cb1e0959bab4e467327a9416c/HG01598.mapped.ILLUMINA.bwa.KHV.low_coverage.20120522.bam.bai	HG01598
13d3ef6e-fa9f-4baf-ad9c-8da404fc943d	/bam_files/HG03114.mapped.ILLUMINA.bwa.ESN.low_coverage.20130415.bam	drs://data.terra.bio/v1_c0dc283d-adad-4614-9f6c-1e101dd9b443_ae7c9b72-c62b-476e-8e23-20ed7e1a81d1	gs://fc-9db09784-fa15-41bb-80f3-28fbc05c715a/76515963-195a-40d9-9d52-89eed542c9a5/BuildBamIndexWithSamtools/e597c1cc-5bf0-46ab-be1b-9a112ff8ae5a/call-SamtoolsIndex/glob-6efbc60cb1e0959bab4e467327a9416c/HG03114.mapped.ILLUMINA.bwa.ESN.low_coverage.20130415.bam.bai	HG03114
13e15d26-8f00-4a58-95b0-0ee89562f4ef	/bam_files/HG02505.mapped.ILLUMINA.bwa.ACB.low_coverage.20130415.bam	drs://data.terra.bio/v1_c0dc283d-adad-4614-9f6c-1e101dd9b443_165683bf-e7f2-478c-9038-f0995b649e2c	gs://fc-9db09784-fa15-41bb-80f3-28fbc05c715a/76515963-195a-40d9-9d52-89eed542c9a5/BuildBamIndexWithSamtools/52101303-fdff-4a0f-be96-7fc024bab681/call-SamtoolsIndex/glob-6efbc60cb1e0959bab4e467327a9416c/HG02505.mapped.ILLUMINA.bwa.ACB.low_coverage.20130415.bam.bai	HG02505
143408a6-847b-4281-ad4e-34184f5690f9	/bam_files/NA20581.mapped.ILLUMINA.bwa.TSI.low_coverage.20130422.bam	drs://data.terra.bio/v1_c0dc283d-adad-4614-9f6c-1e101dd9b443_e554caef-e0a9-42d8-a841-f52b29ab996e	gs://fc-9db09784-fa15-41bb-80f3-28fbc05c715a/76515963-195a-40d9-9d52-89eed542c9a5/BuildBamIndexWithSamtools/c7a74d77-4749-44c1-8055-af3c5e8c2b26/call-SamtoolsIndex/glob-6efbc60cb1e0959bab4e467327a9416c/NA20581.mapped.ILLUMINA.bwa.TSI.low_coverage.20130422.bam.bai	NA20581
148ad526-ce8d-4176-aa0c-9e4ef3b5b8f7	/bam_files/NA20812.mapped.ILLUMINA.bwa.TSI.low_coverage.20130415.bam	drs://data.terra.bio/v1_c0dc283d-adad-4614-9f6c-1e101dd9b443_64b3f353-b3cd-4575-acc2-81399f66cbaf	gs://fc-9db09784-fa15-41bb-80f3-28fbc05c715a/76515963-195a-40d9-9d52-89eed542c9a5/BuildBamIndexWithSamtools/4f68b836-e88a-4e1f-993a-8a6f17ca44a2/call-SamtoolsIndex/glob-6efbc60cb1e0959bab4e467327a9416c/NA20812.mapped.ILLUMINA.bwa.TSI.low_coverage.20130415.bam.bai	NA20812
14a826a7-fe0e-4852-9710-0f02b3c5aff0	/bam_files/HG01524.mapped.ILLUMINA.bwa.IBS.low_coverage.20130415.bam	drs://data.terra.bio/v1_c0dc283d-adad-4614-9f6c-1e101dd9b443_f7df8439-22c7-4915-8515-fff5655fb27d	gs://fc-9db09784-fa15-41bb-80f3-28fbc05c715a/76515963-195a-40d9-9d52-89eed542c9a5/BuildBamIndexWithSamtools/81bbe328-8078-4ec2-86f6-a6d56f35b63a/call-SamtoolsIndex/glob-6efbc60cb1e0959bab4e467327a9416c/HG01524.mapped.ILLUMINA.bwa.IBS.low_coverage.20130415.bam.bai	HG01524
14ae7243-8fc5-4311-80e0-0ff5945054f5	/bam_files/NA19313.mapped.ILLUMINA.bwa.LWK.low_coverage.20120522.bam	drs://data.terra.bio/v1_c0dc283d-adad-4614-9f6c-1e101dd9b443_83e90243-d7c9-4143-90e0-5c7fae3ce9ed	gs://fc-9db09784-fa15-41bb-80f3-28fbc05c715a/76515963-195a-40d9-9d52-89eed542c9a5/BuildBamIndexWithSamtools/bd514428-21ce-4404-b4bf-2a6672b86b50/call-SamtoolsIndex/glob-6efbc60cb1e0959bab4e467327a9416c/NA19313.mapped.ILLUMINA.bwa.LWK.low_coverage.20120522.bam.bai	NA19313
14bbf75b-9069-4ee0-b8d8-042cebe8961c	/bam_files/HG02783.mapped.ILLUMINA.bwa.PJL.low_coverage.20121211.bam	drs://data.terra.bio/v1_c0dc283d-adad-4614-9f6c-1e101dd9b443_a32ccf69-0863-4aa1-b6c5-61f31c1b4765	gs://fc-9db09784-fa15-41bb-80f3-28fbc05c715a/76515963-195a-40d9-9d52-89eed542c9a5/BuildBamIndexWithSamtools/a39e02d9-e69c-488b-81d6-e86d49243d99/call-SamtoolsIndex/glob-6efbc60cb1e0959bab4e467327a9416c/HG02783.mapped.ILLUMINA.bwa.PJL.low_coverage.20121211.bam.bai	HG02783
15012570-22b8-4536-b159-5b674468c1bd	/bam_files/HG02334.mapped.ILLUMINA.bwa.ACB.low_coverage.20120522.bam	drs://data.terra.bio/v1_c0dc283d-adad-4614-9f6c-1e101dd9b443_160eded9-b629-4ee1-8aff-2dd7e1cbee2f	gs://fc-9db09784-fa15-41bb-80f3-28fbc05c715a/76515963-195a-40d9-9d52-89eed542c9a5/BuildBamIndexWithSamtools/892690cd-9cfc-48c9-85e6-c62e3d361766/call-SamtoolsIndex/glob-6efbc60cb1e0959bab4e467327a9416c/HG02334.mapped.ILLUMINA.bwa.ACB.low_coverage.20120522.bam.bai	HG02334
154055eb-6c63-4e81-be3c-749121a81d1e	/bam_files/HG01326.mapped.ILLUMINA.bwa.PUR.low_coverage.20121211.bam	drs://data.terra.bio/v1_c0dc283d-adad-4614-9f6c-1e101dd9b443_cf5ec0d2-d6fd-4084-b0be-65ac758d4ffa	gs://fc-9db09784-fa15-41bb-80f3-28fbc05c715a/76515963-195a-40d9-9d52-89eed542c9a5/BuildBamIndexWithSamtools/1a430771-a889-40a1-bf05-a5109bd00d84/call-SamtoolsIndex/attempt-2/glob-6efbc60cb1e0959bab4e467327a9416c/HG01326.mapped.ILLUMINA.bwa.PUR.low_coverage.20121211.bam.bai	HG01326
1543c04a-daa0-4ebd-8974-6ec2b9fc0f9f	/bam_files/NA20821.mapped.ILLUMINA.bwa.TSI.low_coverage.20130415.bam	drs://data.terra.bio/v1_c0dc283d-adad-4614-9f6c-1e101dd9b443_53561504-fe68-40fe-a1cf-3a0836d5aee3	gs://fc-9db09784-fa15-41bb-80f3-28fbc05c715a/76515963-195a-40d9-9d52-89eed542c9a5/BuildBamIndexWithSamtools/950686de-8f9d-4ec8-acd6-9793675e1efe/call-SamtoolsIndex/glob-6efbc60cb1e0959bab4e467327a9416c/NA20821.mapped.ILLUMINA.bwa.TSI.low_coverage.20130415.bam.bai	NA20821
154fe458-07a9-4a26-90cb-f7af5ea95dc1	/bam_files/NA19428.mapped.ILLUMINA.bwa.LWK.low_coverage.20120522.bam	drs://data.terra.bio/v1_c0dc283d-adad-4614-9f6c-1e101dd9b443_c0fbc7dd-2854-4850-ad3c-45d13111e072	gs://fc-9db09784-fa15-41bb-80f3-28fbc05c715a/76515963-195a-40d9-9d52-89eed542c9a5/BuildBamIndexWithSamtools/3ae567c9-c635-412b-b8b8-90f8659521cd/call-SamtoolsIndex/glob-6efbc60cb1e0959bab4e467327a9416c/NA19428.mapped.ILLUMINA.bwa.LWK.low_coverage.20120522.bam.bai	NA19428
15579d6f-f728-4b44-9e36-9ab69917af37	/bam_files/HG02577.mapped.ILLUMINA.bwa.ACB.low_coverage.20121211.bam	drs://data.terra.bio/v1_c0dc283d-adad-4614-9f6c-1e101dd9b443_a7a094ae-e039-4aa0-b091-9258c157cbed	gs://fc-9db09784-fa15-41bb-80f3-28fbc05c715a/76515963-195a-40d9-9d52-89eed542c9a5/BuildBamIndexWithSamtools/eac4bb99-3755-4403-b7b5-18d9510014ac/call-SamtoolsIndex/glob-6efbc60cb1e0959bab4e467327a9416c/HG02577.mapped.ILLUMINA.bwa.ACB.low_coverage.20121211.bam.bai	HG02577
155c6fad-b518-44a8-bbe3-39a0bc1de083	/bam_files/NA19684.mapped.ILLUMINA.bwa.MXL.low_coverage.20120522.bam	drs://data.terra.bio/v1_c0dc283d-adad-4614-9f6c-1e101dd9b443_38c2b0ef-13bf-442c-bca0-835e75a8ee4b	gs://fc-9db09784-fa15-41bb-80f3-28fbc05c715a/76515963-195a-40d9-9d52-89eed542c9a5/BuildBamIndexWithSamtools/619c9725-8950-40d9-9f90-ede5b325a0d3/call-SamtoolsIndex/glob-6efbc60cb1e0959bab4e467327a9416c/NA19684.mapped.ILLUMINA.bwa.MXL.low_coverage.20120522.bam.bai	NA19684
156e5098-e81f-4248-8702-766935277a20	/bam_files/NA19436.mapped.ILLUMINA.bwa.LWK.low_coverage.20120522.bam	drs://data.terra.bio/v1_c0dc283d-adad-4614-9f6c-1e101dd9b443_29581b4d-ea38-44c4-9bd4-71cc54984708	gs://fc-9db09784-fa15-41bb-80f3-28fbc05c715a/76515963-195a-40d9-9d52-89eed542c9a5/BuildBamIndexWithSamtools/94f75cd7-326b-489d-9b70-fd26b76f41a1/call-SamtoolsIndex/glob-6efbc60cb1e0959bab4e467327a9416c/NA19436.mapped.ILLUMINA.bwa.LWK.low_coverage.20120522.bam.bai	NA19436
